decision_id,evaluation_year,policy,candidate,hourly_review_cost,review_cost,avoidable_fraction,fn_cost,training_fraud_positive_exposure_mean,capacity_per_10000,cost_method,threshold,validation_tp,validation_fp,validation_fn,validation_tn,validation_rows,validation_alerts,validation_recall,validation_precision,validation_f1,validation_alerts_per_10000,validation_fn_positive_exposure,validation_cost,is_base,evaluation_tp,evaluation_fp,evaluation_fn,evaluation_tn,evaluation_rows,evaluation_alerts,evaluation_recall,evaluation_precision,evaluation_f1,evaluation_alerts_per_10000,evaluation_fp_per_10000,evaluation_review_hours_per_10000,evaluation_review_hours_total,evaluation_cost,evaluation_no_alert_cost,evaluation_saving_vs_no_alert,evaluation_saving_fraction,evaluation_capacity_exceeded,evaluation_more_costly_than_no_alert,evaluation_fn_positive_exposure
D00001,2015,cost_sensitivity,rf_profundo,15,1.5,0.25,31.41896799116998,125.67587196467991,10,fixed_training_mean,0.1,35.0,45.0,18.0,86565.0,86663.0,80.0,0.660377358490566,0.4375,0.5263157894736842,9.231159779836839,1574.3399999999988,685.5414238410597,False,119,22882,71,64998,88070,23001,0.6263157894736842,0.005173688100517369,0.010262601871415635,2611.6725332122173,2598.1605541046893,261.1672533212217,2300.1,36732.246727373065,5969.603918322296,-30762.64280905077,-5.153213383995556,True,True,8331.5
D00002,2015,cost_sensitivity,rf_profundo,15,1.5,0.25,31.41896799116998,125.67587196467991,25,fixed_training_mean,0.1,35.0,45.0,18.0,86565.0,86663.0,80.0,0.660377358490566,0.4375,0.5263157894736842,9.231159779836839,1574.3399999999988,685.5414238410597,False,119,22882,71,64998,88070,23001,0.6263157894736842,0.005173688100517369,0.010262601871415635,2611.6725332122173,2598.1605541046893,261.1672533212217,2300.1,36732.246727373065,5969.603918322296,-30762.64280905077,-5.153213383995556,True,True,8331.5
D00003,2015,cost_sensitivity,rf_profundo,15,1.5,0.25,31.41896799116998,125.67587196467991,50,fixed_training_mean,0.1,35.0,45.0,18.0,86565.0,86663.0,80.0,0.660377358490566,0.4375,0.5263157894736842,9.231159779836839,1574.3399999999988,685.5414238410597,False,119,22882,71,64998,88070,23001,0.6263157894736842,0.005173688100517369,0.010262601871415635,2611.6725332122173,2598.1605541046893,261.1672533212217,2300.1,36732.246727373065,5969.603918322296,-30762.64280905077,-5.153213383995556,True,True,8331.5
D00004,2015,cost_sensitivity,rf_profundo,15,1.5,0.25,31.41896799116998,125.67587196467991,100,fixed_training_mean,0.1,35.0,45.0,18.0,86565.0,86663.0,80.0,0.660377358490566,0.4375,0.5263157894736842,9.231159779836839,1574.3399999999988,685.5414238410597,False,119,22882,71,64998,88070,23001,0.6263157894736842,0.005173688100517369,0.010262601871415635,2611.6725332122173,2598.1605541046893,261.1672533212217,2300.1,36732.246727373065,5969.603918322296,-30762.64280905077,-5.153213383995556,True,True,8331.5
D00005,2015,cost_sensitivity,rf_profundo,15,1.5,0.25,31.41896799116998,125.67587196467991,250,fixed_training_mean,0.1,35.0,45.0,18.0,86565.0,86663.0,80.0,0.660377358490566,0.4375,0.5263157894736842,9.231159779836839,1574.3399999999988,685.5414238410597,False,119,22882,71,64998,88070,23001,0.6263157894736842,0.005173688100517369,0.010262601871415635,2611.6725332122173,2598.1605541046893,261.1672533212217,2300.1,36732.246727373065,5969.603918322296,-30762.64280905077,-5.153213383995556,True,True,8331.5
D00006,2015,cost_sensitivity,rf_profundo,15,1.5,0.5,62.83793598233996,125.67587196467991,10,fixed_training_mean,0.1,35.0,45.0,18.0,86565.0,86663.0,80.0,0.660377358490566,0.4375,0.5263157894736842,9.231159779836839,1574.3399999999988,1251.0828476821193,False,119,22882,71,64998,88070,23001,0.6263157894736842,0.005173688100517369,0.010262601871415635,2611.6725332122173,2598.1605541046893,261.1672533212217,2300.1,38962.99345474614,11939.207836644591,-27023.785618101545,-2.2634487972609363,True,True,8331.5
D00007,2015,cost_sensitivity,rf_profundo,15,1.5,0.5,62.83793598233996,125.67587196467991,25,fixed_training_mean,0.1,35.0,45.0,18.0,86565.0,86663.0,80.0,0.660377358490566,0.4375,0.5263157894736842,9.231159779836839,1574.3399999999988,1251.0828476821193,False,119,22882,71,64998,88070,23001,0.6263157894736842,0.005173688100517369,0.010262601871415635,2611.6725332122173,2598.1605541046893,261.1672533212217,2300.1,38962.99345474614,11939.207836644591,-27023.785618101545,-2.2634487972609363,True,True,8331.5
D00008,2015,cost_sensitivity,rf_profundo,15,1.5,0.5,62.83793598233996,125.67587196467991,50,fixed_training_mean,0.1,35.0,45.0,18.0,86565.0,86663.0,80.0,0.660377358490566,0.4375,0.5263157894736842,9.231159779836839,1574.3399999999988,1251.0828476821193,False,119,22882,71,64998,88070,23001,0.6263157894736842,0.005173688100517369,0.010262601871415635,2611.6725332122173,2598.1605541046893,261.1672533212217,2300.1,38962.99345474614,11939.207836644591,-27023.785618101545,-2.2634487972609363,True,True,8331.5
D00009,2015,cost_sensitivity,rf_profundo,15,1.5,0.5,62.83793598233996,125.67587196467991,100,fixed_training_mean,0.1,35.0,45.0,18.0,86565.0,86663.0,80.0,0.660377358490566,0.4375,0.5263157894736842,9.231159779836839,1574.3399999999988,1251.0828476821193,False,119,22882,71,64998,88070,23001,0.6263157894736842,0.005173688100517369,0.010262601871415635,2611.6725332122173,2598.1605541046893,261.1672533212217,2300.1,38962.99345474614,11939.207836644591,-27023.785618101545,-2.2634487972609363,True,True,8331.5
D00010,2015,cost_sensitivity,rf_profundo,15,1.5,0.5,62.83793598233996,125.67587196467991,250,fixed_training_mean,0.1,35.0,45.0,18.0,86565.0,86663.0,80.0,0.660377358490566,0.4375,0.5263157894736842,9.231159779836839,1574.3399999999988,1251.0828476821193,False,119,22882,71,64998,88070,23001,0.6263157894736842,0.005173688100517369,0.010262601871415635,2611.6725332122173,2598.1605541046893,261.1672533212217,2300.1,38962.99345474614,11939.207836644591,-27023.785618101545,-2.2634487972609363,True,True,8331.5
D00011,2015,cost_sensitivity,rf_profundo,15,1.5,1.0,125.67587196467991,125.67587196467991,10,fixed_training_mean,0.1,35.0,45.0,18.0,86565.0,86663.0,80.0,0.660377358490566,0.4375,0.5263157894736842,9.231159779836839,1574.3399999999988,2382.1656953642387,False,119,22882,71,64998,88070,23001,0.6263157894736842,0.005173688100517369,0.010262601871415635,2611.6725332122173,2598.1605541046893,261.1672533212217,2300.1,43424.486909492276,23878.415673289182,-19546.071236203094,-0.8185665038936262,True,True,8331.5
D00012,2015,cost_sensitivity,rf_profundo,15,1.5,1.0,125.67587196467991,125.67587196467991,25,fixed_training_mean,0.1,35.0,45.0,18.0,86565.0,86663.0,80.0,0.660377358490566,0.4375,0.5263157894736842,9.231159779836839,1574.3399999999988,2382.1656953642387,False,119,22882,71,64998,88070,23001,0.6263157894736842,0.005173688100517369,0.010262601871415635,2611.6725332122173,2598.1605541046893,261.1672533212217,2300.1,43424.486909492276,23878.415673289182,-19546.071236203094,-0.8185665038936262,True,True,8331.5
D00013,2015,cost_sensitivity,r1_sin_balanceo,15,1.5,1.0,125.67587196467991,125.67587196467991,50,fixed_training_mean,0.016519726771066157,40.0,371.0,13.0,86239.0,86663.0,411.0,0.7547169811320755,0.09732360097323602,0.1724137931034483,47.425083368911764,1148.7699999999977,2250.286335540839,False,126,24658,64,63222,88070,24784,0.6631578947368421,0.005083925112976113,0.010090494113878433,2814.1251277392985,2799.818326331327,281.41251277392985,2478.4,45219.255805739514,23878.415673289182,-21340.840132450332,-0.8937293170720104,True,True,6763.06
D00014,2015,cost_sensitivity,rf_profundo,15,1.5,1.0,125.67587196467991,125.67587196467991,100,fixed_training_mean,0.03,41.0,452.0,12.0,86158.0,86663.0,493.0,0.7735849056603774,0.08316430020283976,0.15018315018315018,56.88702214324452,956.5099999999984,2247.610463576159,False,136,25350,54,62530,88070,25486,0.7157894736842105,0.005336263046378404,0.01059355039725814,2893.834449869422,2878.392188032247,289.38344498694215,2548.6,45015.49708609271,23878.415673289182,-21137.08141280353,-0.8851961412351089,True,True,5031.900000000001
D00015,2015,cost_sensitivity,rf_profundo,15,1.5,1.0,125.67587196467991,125.67587196467991,250,fixed_training_mean,0.03,41.0,452.0,12.0,86158.0,86663.0,493.0,0.7735849056603774,0.08316430020283976,0.15018315018315018,56.88702214324452,956.5099999999984,2247.610463576159,False,136,25350,54,62530,88070,25486,0.7157894736842105,0.005336263046378404,0.01059355039725814,2893.834449869422,2878.392188032247,289.38344498694215,2548.6,45015.49708609271,23878.415673289182,-21137.08141280353,-0.8851961412351089,True,True,5031.900000000001
D00016,2015,cost_sensitivity,rf_profundo,30,3.0,0.25,31.41896799116998,125.67587196467991,10,fixed_training_mean,0.185,32.0,13.0,21.0,86597.0,86663.0,45.0,0.6037735849056604,0.7111111111111111,0.6530612244897959,5.192527376158222,1784.619999999999,794.7983278145696,False,107,18278,83,69602,88070,18385,0.5631578947368421,0.005819961925482731,0.011520861372812921,2087.5439990916316,2075.3945724991486,208.75439990916317,1838.5,57762.774343267105,5969.603918322296,-51793.17042494481,-8.676148557524536,True,True,13741.63
D00017,2015,cost_sensitivity,rf_profundo,30,3.0,0.25,31.41896799116998,125.67587196467991,25,fixed_training_mean,0.185,32.0,13.0,21.0,86597.0,86663.0,45.0,0.6037735849056604,0.7111111111111111,0.6530612244897959,5.192527376158222,1784.619999999999,794.7983278145696,False,107,18278,83,69602,88070,18385,0.5631578947368421,0.005819961925482731,0.011520861372812921,2087.5439990916316,2075.3945724991486,208.75439990916317,1838.5,57762.774343267105,5969.603918322296,-51793.17042494481,-8.676148557524536,True,True,13741.63
D00018,2015,cost_sensitivity,rf_profundo,30,3.0,0.25,31.41896799116998,125.67587196467991,50,fixed_training_mean,0.185,32.0,13.0,21.0,86597.0,86663.0,45.0,0.6037735849056604,0.7111111111111111,0.6530612244897959,5.192527376158222,1784.619999999999,794.7983278145696,False,107,18278,83,69602,88070,18385,0.5631578947368421,0.005819961925482731,0.011520861372812921,2087.5439990916316,2075.3945724991486,208.75439990916317,1838.5,57762.774343267105,5969.603918322296,-51793.17042494481,-8.676148557524536,True,True,13741.63
D00019,2015,cost_sensitivity,rf_profundo,30,3.0,0.25,31.41896799116998,125.67587196467991,100,fixed_training_mean,0.185,32.0,13.0,21.0,86597.0,86663.0,45.0,0.6037735849056604,0.7111111111111111,0.6530612244897959,5.192527376158222,1784.619999999999,794.7983278145696,False,107,18278,83,69602,88070,18385,0.5631578947368421,0.005819961925482731,0.011520861372812921,2087.5439990916316,2075.3945724991486,208.75439990916317,1838.5,57762.774343267105,5969.603918322296,-51793.17042494481,-8.676148557524536,True,True,13741.63
D00020,2015,cost_sensitivity,rf_profundo,30,3.0,0.25,31.41896799116998,125.67587196467991,250,fixed_training_mean,0.185,32.0,13.0,21.0,86597.0,86663.0,45.0,0.6037735849056604,0.7111111111111111,0.6530612244897959,5.192527376158222,1784.619999999999,794.7983278145696,False,107,18278,83,69602,88070,18385,0.5631578947368421,0.005819961925482731,0.011520861372812921,2087.5439990916316,2075.3945724991486,208.75439990916317,1838.5,57762.774343267105,5969.603918322296,-51793.17042494481,-8.676148557524536,True,True,13741.63
D00021,2015,cost_sensitivity,rf_profundo,30,3.0,0.5,62.83793598233996,125.67587196467991,10,fixed_training_mean,0.1,35.0,45.0,18.0,86565.0,86663.0,80.0,0.660377358490566,0.4375,0.5263157894736842,9.231159779836839,1574.3399999999988,1371.0828476821193,False,119,22882,71,64998,88070,23001,0.6263157894736842,0.005173688100517369,0.010262601871415635,2611.6725332122173,2598.1605541046893,261.1672533212217,2300.1,73464.49345474613,11939.207836644591,-61525.28561810154,-5.153213383995556,True,True,8331.5
D00022,2015,cost_sensitivity,rf_profundo,30,3.0,0.5,62.83793598233996,125.67587196467991,25,fixed_training_mean,0.1,35.0,45.0,18.0,86565.0,86663.0,80.0,0.660377358490566,0.4375,0.5263157894736842,9.231159779836839,1574.3399999999988,1371.0828476821193,False,119,22882,71,64998,88070,23001,0.6263157894736842,0.005173688100517369,0.010262601871415635,2611.6725332122173,2598.1605541046893,261.1672533212217,2300.1,73464.49345474613,11939.207836644591,-61525.28561810154,-5.153213383995556,True,True,8331.5
D00023,2015,cost_sensitivity,rf_profundo,30,3.0,0.5,62.83793598233996,125.67587196467991,50,fixed_training_mean,0.1,35.0,45.0,18.0,86565.0,86663.0,80.0,0.660377358490566,0.4375,0.5263157894736842,9.231159779836839,1574.3399999999988,1371.0828476821193,True,119,22882,71,64998,88070,23001,0.6263157894736842,0.005173688100517369,0.010262601871415635,2611.6725332122173,2598.1605541046893,261.1672533212217,2300.1,73464.49345474613,11939.207836644591,-61525.28561810154,-5.153213383995556,True,True,8331.5
D00024,2015,cost_sensitivity,rf_profundo,30,3.0,0.5,62.83793598233996,125.67587196467991,100,fixed_training_mean,0.1,35.0,45.0,18.0,86565.0,86663.0,80.0,0.660377358490566,0.4375,0.5263157894736842,9.231159779836839,1574.3399999999988,1371.0828476821193,False,119,22882,71,64998,88070,23001,0.6263157894736842,0.005173688100517369,0.010262601871415635,2611.6725332122173,2598.1605541046893,261.1672533212217,2300.1,73464.49345474613,11939.207836644591,-61525.28561810154,-5.153213383995556,True,True,8331.5
D00025,2015,cost_sensitivity,rf_profundo,30,3.0,0.5,62.83793598233996,125.67587196467991,250,fixed_training_mean,0.1,35.0,45.0,18.0,86565.0,86663.0,80.0,0.660377358490566,0.4375,0.5263157894736842,9.231159779836839,1574.3399999999988,1371.0828476821193,False,119,22882,71,64998,88070,23001,0.6263157894736842,0.005173688100517369,0.010262601871415635,2611.6725332122173,2598.1605541046893,261.1672533212217,2300.1,73464.49345474613,11939.207836644591,-61525.28561810154,-5.153213383995556,True,True,8331.5
D00026,2015,cost_sensitivity,rf_profundo,30,3.0,1.0,125.67587196467991,125.67587196467991,10,fixed_training_mean,0.1,35.0,45.0,18.0,86565.0,86663.0,80.0,0.660377358490566,0.4375,0.5263157894736842,9.231159779836839,1574.3399999999988,2502.1656953642387,False,119,22882,71,64998,88070,23001,0.6263157894736842,0.005173688100517369,0.010262601871415635,2611.6725332122173,2598.1605541046893,261.1672533212217,2300.1,77925.98690949228,23878.415673289182,-54047.57123620309,-2.2634487972609363,True,True,8331.5
D00027,2015,cost_sensitivity,rf_profundo,30,3.0,1.0,125.67587196467991,125.67587196467991,25,fixed_training_mean,0.1,35.0,45.0,18.0,86565.0,86663.0,80.0,0.660377358490566,0.4375,0.5263157894736842,9.231159779836839,1574.3399999999988,2502.1656953642387,False,119,22882,71,64998,88070,23001,0.6263157894736842,0.005173688100517369,0.010262601871415635,2611.6725332122173,2598.1605541046893,261.1672533212217,2300.1,77925.98690949228,23878.415673289182,-54047.57123620309,-2.2634487972609363,True,True,8331.5
D00028,2015,cost_sensitivity,rf_profundo,30,3.0,1.0,125.67587196467991,125.67587196467991,50,fixed_training_mean,0.1,35.0,45.0,18.0,86565.0,86663.0,80.0,0.660377358490566,0.4375,0.5263157894736842,9.231159779836839,1574.3399999999988,2502.1656953642387,False,119,22882,71,64998,88070,23001,0.6263157894736842,0.005173688100517369,0.010262601871415635,2611.6725332122173,2598.1605541046893,261.1672533212217,2300.1,77925.98690949228,23878.415673289182,-54047.57123620309,-2.2634487972609363,True,True,8331.5
D00029,2015,cost_sensitivity,rf_profundo,30,3.0,1.0,125.67587196467991,125.67587196467991,100,fixed_training_mean,0.1,35.0,45.0,18.0,86565.0,86663.0,80.0,0.660377358490566,0.4375,0.5263157894736842,9.231159779836839,1574.3399999999988,2502.1656953642387,False,119,22882,71,64998,88070,23001,0.6263157894736842,0.005173688100517369,0.010262601871415635,2611.6725332122173,2598.1605541046893,261.1672533212217,2300.1,77925.98690949228,23878.415673289182,-54047.57123620309,-2.2634487972609363,True,True,8331.5
D00030,2015,cost_sensitivity,rf_profundo,30,3.0,1.0,125.67587196467991,125.67587196467991,250,fixed_training_mean,0.1,35.0,45.0,18.0,86565.0,86663.0,80.0,0.660377358490566,0.4375,0.5263157894736842,9.231159779836839,1574.3399999999988,2502.1656953642387,False,119,22882,71,64998,88070,23001,0.6263157894736842,0.005173688100517369,0.010262601871415635,2611.6725332122173,2598.1605541046893,261.1672533212217,2300.1,77925.98690949228,23878.415673289182,-54047.57123620309,-2.2634487972609363,True,True,8331.5
D00031,2015,cost_sensitivity,rf_profundo,60,6.0,0.25,31.41896799116998,125.67587196467991,10,fixed_training_mean,0.185,32.0,13.0,21.0,86597.0,86663.0,45.0,0.6037735849056604,0.7111111111111111,0.6530612244897959,5.192527376158222,1784.619999999999,929.7983278145696,False,107,18278,83,69602,88070,18385,0.5631578947368421,0.005819961925482731,0.011520861372812921,2087.5439990916316,2075.3945724991486,208.75439990916317,1838.5,112917.77434326711,5969.603918322296,-106948.17042494482,-17.91545500978592,True,True,13741.63
D00032,2015,cost_sensitivity,rf_profundo,60,6.0,0.25,31.41896799116998,125.67587196467991,25,fixed_training_mean,0.185,32.0,13.0,21.0,86597.0,86663.0,45.0,0.6037735849056604,0.7111111111111111,0.6530612244897959,5.192527376158222,1784.619999999999,929.7983278145696,False,107,18278,83,69602,88070,18385,0.5631578947368421,0.005819961925482731,0.011520861372812921,2087.5439990916316,2075.3945724991486,208.75439990916317,1838.5,112917.77434326711,5969.603918322296,-106948.17042494482,-17.91545500978592,True,True,13741.63
D00033,2015,cost_sensitivity,rf_profundo,60,6.0,0.25,31.41896799116998,125.67587196467991,50,fixed_training_mean,0.185,32.0,13.0,21.0,86597.0,86663.0,45.0,0.6037735849056604,0.7111111111111111,0.6530612244897959,5.192527376158222,1784.619999999999,929.7983278145696,False,107,18278,83,69602,88070,18385,0.5631578947368421,0.005819961925482731,0.011520861372812921,2087.5439990916316,2075.3945724991486,208.75439990916317,1838.5,112917.77434326711,5969.603918322296,-106948.17042494482,-17.91545500978592,True,True,13741.63
D00034,2015,cost_sensitivity,rf_profundo,60,6.0,0.25,31.41896799116998,125.67587196467991,100,fixed_training_mean,0.185,32.0,13.0,21.0,86597.0,86663.0,45.0,0.6037735849056604,0.7111111111111111,0.6530612244897959,5.192527376158222,1784.619999999999,929.7983278145696,False,107,18278,83,69602,88070,18385,0.5631578947368421,0.005819961925482731,0.011520861372812921,2087.5439990916316,2075.3945724991486,208.75439990916317,1838.5,112917.77434326711,5969.603918322296,-106948.17042494482,-17.91545500978592,True,True,13741.63
D00035,2015,cost_sensitivity,rf_profundo,60,6.0,0.25,31.41896799116998,125.67587196467991,250,fixed_training_mean,0.185,32.0,13.0,21.0,86597.0,86663.0,45.0,0.6037735849056604,0.7111111111111111,0.6530612244897959,5.192527376158222,1784.619999999999,929.7983278145696,False,107,18278,83,69602,88070,18385,0.5631578947368421,0.005819961925482731,0.011520861372812921,2087.5439990916316,2075.3945724991486,208.75439990916317,1838.5,112917.77434326711,5969.603918322296,-106948.17042494482,-17.91545500978592,True,True,13741.63
D00036,2015,cost_sensitivity,rf_profundo,60,6.0,0.5,62.83793598233996,125.67587196467991,10,fixed_training_mean,0.185,32.0,13.0,21.0,86597.0,86663.0,45.0,0.6037735849056604,0.7111111111111111,0.6530612244897959,5.192527376158222,1784.619999999999,1589.5966556291391,False,107,18278,83,69602,88070,18385,0.5631578947368421,0.005819961925482731,0.011520861372812921,2087.5439990916316,2075.3945724991486,208.75439990916317,1838.5,115525.54868653421,11939.207836644591,-103586.34084988962,-8.676148557524536,True,True,13741.63
D00037,2015,cost_sensitivity,rf_profundo,60,6.0,0.5,62.83793598233996,125.67587196467991,25,fixed_training_mean,0.185,32.0,13.0,21.0,86597.0,86663.0,45.0,0.6037735849056604,0.7111111111111111,0.6530612244897959,5.192527376158222,1784.619999999999,1589.5966556291391,False,107,18278,83,69602,88070,18385,0.5631578947368421,0.005819961925482731,0.011520861372812921,2087.5439990916316,2075.3945724991486,208.75439990916317,1838.5,115525.54868653421,11939.207836644591,-103586.34084988962,-8.676148557524536,True,True,13741.63
D00038,2015,cost_sensitivity,rf_profundo,60,6.0,0.5,62.83793598233996,125.67587196467991,50,fixed_training_mean,0.185,32.0,13.0,21.0,86597.0,86663.0,45.0,0.6037735849056604,0.7111111111111111,0.6530612244897959,5.192527376158222,1784.619999999999,1589.5966556291391,False,107,18278,83,69602,88070,18385,0.5631578947368421,0.005819961925482731,0.011520861372812921,2087.5439990916316,2075.3945724991486,208.75439990916317,1838.5,115525.54868653421,11939.207836644591,-103586.34084988962,-8.676148557524536,True,True,13741.63
D00039,2015,cost_sensitivity,rf_profundo,60,6.0,0.5,62.83793598233996,125.67587196467991,100,fixed_training_mean,0.185,32.0,13.0,21.0,86597.0,86663.0,45.0,0.6037735849056604,0.7111111111111111,0.6530612244897959,5.192527376158222,1784.619999999999,1589.5966556291391,False,107,18278,83,69602,88070,18385,0.5631578947368421,0.005819961925482731,0.011520861372812921,2087.5439990916316,2075.3945724991486,208.75439990916317,1838.5,115525.54868653421,11939.207836644591,-103586.34084988962,-8.676148557524536,True,True,13741.63
D00040,2015,cost_sensitivity,rf_profundo,60,6.0,0.5,62.83793598233996,125.67587196467991,250,fixed_training_mean,0.185,32.0,13.0,21.0,86597.0,86663.0,45.0,0.6037735849056604,0.7111111111111111,0.6530612244897959,5.192527376158222,1784.619999999999,1589.5966556291391,False,107,18278,83,69602,88070,18385,0.5631578947368421,0.005819961925482731,0.011520861372812921,2087.5439990916316,2075.3945724991486,208.75439990916317,1838.5,115525.54868653421,11939.207836644591,-103586.34084988962,-8.676148557524536,True,True,13741.63
D00041,2015,cost_sensitivity,rf_profundo,60,6.0,1.0,125.67587196467991,125.67587196467991,10,fixed_training_mean,0.1,35.0,45.0,18.0,86565.0,86663.0,80.0,0.660377358490566,0.4375,0.5263157894736842,9.231159779836839,1574.3399999999988,2742.1656953642387,False,119,22882,71,64998,88070,23001,0.6263157894736842,0.005173688100517369,0.010262601871415635,2611.6725332122173,2598.1605541046893,261.1672533212217,2300.1,146928.98690949226,23878.415673289182,-123050.57123620308,-5.153213383995556,True,True,8331.5
D00042,2015,cost_sensitivity,rf_profundo,60,6.0,1.0,125.67587196467991,125.67587196467991,25,fixed_training_mean,0.1,35.0,45.0,18.0,86565.0,86663.0,80.0,0.660377358490566,0.4375,0.5263157894736842,9.231159779836839,1574.3399999999988,2742.1656953642387,False,119,22882,71,64998,88070,23001,0.6263157894736842,0.005173688100517369,0.010262601871415635,2611.6725332122173,2598.1605541046893,261.1672533212217,2300.1,146928.98690949226,23878.415673289182,-123050.57123620308,-5.153213383995556,True,True,8331.5
D00043,2015,cost_sensitivity,rf_profundo,60,6.0,1.0,125.67587196467991,125.67587196467991,50,fixed_training_mean,0.1,35.0,45.0,18.0,86565.0,86663.0,80.0,0.660377358490566,0.4375,0.5263157894736842,9.231159779836839,1574.3399999999988,2742.1656953642387,False,119,22882,71,64998,88070,23001,0.6263157894736842,0.005173688100517369,0.010262601871415635,2611.6725332122173,2598.1605541046893,261.1672533212217,2300.1,146928.98690949226,23878.415673289182,-123050.57123620308,-5.153213383995556,True,True,8331.5
D00044,2015,cost_sensitivity,rf_profundo,60,6.0,1.0,125.67587196467991,125.67587196467991,100,fixed_training_mean,0.1,35.0,45.0,18.0,86565.0,86663.0,80.0,0.660377358490566,0.4375,0.5263157894736842,9.231159779836839,1574.3399999999988,2742.1656953642387,False,119,22882,71,64998,88070,23001,0.6263157894736842,0.005173688100517369,0.010262601871415635,2611.6725332122173,2598.1605541046893,261.1672533212217,2300.1,146928.98690949226,23878.415673289182,-123050.57123620308,-5.153213383995556,True,True,8331.5
D00045,2015,cost_sensitivity,rf_profundo,60,6.0,1.0,125.67587196467991,125.67587196467991,250,fixed_training_mean,0.1,35.0,45.0,18.0,86565.0,86663.0,80.0,0.660377358490566,0.4375,0.5263157894736842,9.231159779836839,1574.3399999999988,2742.1656953642387,False,119,22882,71,64998,88070,23001,0.6263157894736842,0.005173688100517369,0.010262601871415635,2611.6725332122173,2598.1605541046893,261.1672533212217,2300.1,146928.98690949226,23878.415673289182,-123050.57123620308,-5.153213383995556,True,True,8331.5
D00046,2015,base_min_cost_capacity,rf_profundo,30,3.0,0.5,62.83793598233996,125.67587196467991,50,fixed_training_mean,0.1,35.0,45.0,18.0,86565.0,86663.0,80.0,0.660377358490566,0.4375,0.5263157894736842,9.231159779836839,1574.3399999999988,1371.0828476821193,,119,22882,71,64998,88070,23001,0.6263157894736842,0.005173688100517369,0.010262601871415635,2611.6725332122173,2598.1605541046893,261.1672533212217,2300.1,73464.49345474613,11939.207836644591,-61525.28561810154,-5.153213383995556,True,True,8331.5
D00047,2015,base_min_cost_unconstrained,rf_profundo,30,3.0,0.5,62.83793598233996,125.67587196467991,10000,fixed_training_mean,0.1,35.0,45.0,18.0,86565.0,86663.0,80.0,0.660377358490566,0.4375,0.5263157894736842,9.231159779836839,1574.3399999999988,1371.0828476821193,,119,22882,71,64998,88070,23001,0.6263157894736842,0.005173688100517369,0.010262601871415635,2611.6725332122173,2598.1605541046893,261.1672533212217,2300.1,73464.49345474613,11939.207836644591,-61525.28561810154,-5.153213383995556,False,True,8331.5
D00048,2015,f1_pool_reference,rf_profundo,30,3.0,0.5,62.83793598233996,125.67587196467991,50,fixed_training_mean,0.325,28.0,1.0,25.0,86609.0,86663.0,29.0,0.5283018867924528,0.9655172413793104,0.6829268292682927,3.346295420190854,2383.039999999999,1657.948399558499,,91,12594,99,75286,88070,12685,0.4789473684210526,0.007173827355143871,0.014135922330097087,1440.3315544453276,1429.9988645395708,144.03315544453278,1268.5,44275.955662251654,11939.207836644591,-32336.74782560706,-2.7084500301901953,True,True,18487.829999999998
D00049,2015,f1_same_model_reference,rf_profundo,30,3.0,0.5,62.83793598233996,125.67587196467991,50,fixed_training_mean,0.325,28.0,1.0,25.0,86609.0,86663.0,29.0,0.5283018867924528,0.9655172413793104,0.6829268292682927,3.346295420190854,2383.039999999999,1657.948399558499,,91,12594,99,75286,88070,12685,0.4789473684210526,0.007173827355143871,0.014135922330097087,1440.3315544453276,1429.9988645395708,144.03315544453278,1268.5,44275.955662251654,11939.207836644591,-32336.74782560706,-2.7084500301901953,True,True,18487.829999999998
D00050,2015,threshold_0_5_same_model,rf_profundo,30,3.0,0.5,62.83793598233996,125.67587196467991,50,fixed_training_mean,0.5,24.0,0.0,29.0,86610.0,86663.0,24.0,0.4528301886792453,1.0,0.6233766233766234,2.769347933951052,3414.1899999999987,1894.3001434878588,,71,0,119,87880,88070,71,0.3736842105263158,1.0,0.5440613026819924,8.0617690473487,0.0,0.80617690473487,7.1,7690.714381898455,11939.207836644591,4248.493454746136,0.3558438309203718,False,False,20979.34
D00051,2015,no_alert_reference,rf_profundo,30,3.0,0.5,62.83793598233996,125.67587196467991,50,fixed_training_mean,1.0000000000000002,0.0,0.0,53.0,86610.0,86663.0,0.0,0.0,0.0,0.0,0.0,5480.449999999999,3330.4106070640178,,0,0,190,87880,88070,0,0.0,0.0,0.0,0.0,0.0,0.0,0.0,11939.207836644591,11939.207836644591,0.0,0.0,False,False,28012.11
D00052,2015,all_alert_reference,rf_profundo,30,3.0,0.5,62.83793598233996,125.67587196467991,50,fixed_training_mean,0.0,53.0,86610.0,0.0,0.0,86663.0,86663.0,1.0,0.0006115643354141906,0.0012223811061395822,10000.0,0.0,259989.0,,190,87880,0,0,88070,88070,1.0,0.00215737481548768,0.004305461137548153,10000.0,9978.426251845123,1000.0,8807.0,264210.0,11939.207836644591,-252270.79216335542,-21.129608899936354,True,True,0.0
D00053,2015,frontier_same_model_capacity_only,rf_profundo,30,3.0,0.5,62.83793598233996,125.67587196467991,10,fixed_training_mean,0.1,35.0,45.0,18.0,86565.0,86663.0,80.0,0.660377358490566,0.4375,0.5263157894736842,9.231159779836839,1574.3399999999988,1371.0828476821193,,119,22882,71,64998,88070,23001,0.6263157894736842,0.005173688100517369,0.010262601871415635,2611.6725332122173,2598.1605541046893,261.1672533212217,2300.1,73464.49345474613,11939.207836644591,-61525.28561810154,-5.153213383995556,True,True,8331.5
D00054,2015,frontier_same_model_economic,rf_profundo,30,3.0,0.5,62.83793598233996,125.67587196467991,10,fixed_training_mean,0.1,35.0,45.0,18.0,86565.0,86663.0,80.0,0.660377358490566,0.4375,0.5263157894736842,9.231159779836839,1574.3399999999988,1371.0828476821193,,119,22882,71,64998,88070,23001,0.6263157894736842,0.005173688100517369,0.010262601871415635,2611.6725332122173,2598.1605541046893,261.1672533212217,2300.1,73464.49345474613,11939.207836644591,-61525.28561810154,-5.153213383995556,True,True,8331.5
D00055,2015,frontier_all_candidates_capacity_only,rf_profundo,30,3.0,0.5,62.83793598233996,125.67587196467991,10,fixed_training_mean,0.1,35.0,45.0,18.0,86565.0,86663.0,80.0,0.660377358490566,0.4375,0.5263157894736842,9.231159779836839,1574.3399999999988,1371.0828476821193,,119,22882,71,64998,88070,23001,0.6263157894736842,0.005173688100517369,0.010262601871415635,2611.6725332122173,2598.1605541046893,261.1672533212217,2300.1,73464.49345474613,11939.207836644591,-61525.28561810154,-5.153213383995556,True,True,8331.5
D00056,2015,frontier_all_candidates_economic,rf_profundo,30,3.0,0.5,62.83793598233996,125.67587196467991,10,fixed_training_mean,0.1,35.0,45.0,18.0,86565.0,86663.0,80.0,0.660377358490566,0.4375,0.5263157894736842,9.231159779836839,1574.3399999999988,1371.0828476821193,,119,22882,71,64998,88070,23001,0.6263157894736842,0.005173688100517369,0.010262601871415635,2611.6725332122173,2598.1605541046893,261.1672533212217,2300.1,73464.49345474613,11939.207836644591,-61525.28561810154,-5.153213383995556,True,True,8331.5
D00057,2015,frontier_same_model_capacity_only,rf_profundo,30,3.0,0.5,62.83793598233996,125.67587196467991,25,fixed_training_mean,0.06,36.0,132.0,17.0,86478.0,86663.0,168.0,0.6792452830188679,0.21428571428571427,0.3257918552036199,19.38543553765736,1442.179999999999,1572.2449116997793,,127,23885,63,63995,88070,24012,0.6684210526315789,0.0052890221555888725,0.010495000413188993,2726.4675826047464,2712.0472351538547,272.64675826047466,2401.2,75994.78996688742,11939.207836644591,-64055.58213024282,-5.365145075508216,True,True,7017.77
D00058,2015,frontier_same_model_economic,rf_profundo,30,3.0,0.5,62.83793598233996,125.67587196467991,25,fixed_training_mean,0.06,36.0,132.0,17.0,86478.0,86663.0,168.0,0.6792452830188679,0.21428571428571427,0.3257918552036199,19.38543553765736,1442.179999999999,1572.2449116997793,,127,23885,63,63995,88070,24012,0.6684210526315789,0.0052890221555888725,0.010495000413188993,2726.4675826047464,2712.0472351538547,272.64675826047466,2401.2,75994.78996688742,11939.207836644591,-64055.58213024282,-5.365145075508216,True,True,7017.77
D00059,2015,frontier_all_candidates_capacity_only,rf_profundo,30,3.0,0.5,62.83793598233996,125.67587196467991,25,fixed_training_mean,0.06,36.0,132.0,17.0,86478.0,86663.0,168.0,0.6792452830188679,0.21428571428571427,0.3257918552036199,19.38543553765736,1442.179999999999,1572.2449116997793,,127,23885,63,63995,88070,24012,0.6684210526315789,0.0052890221555888725,0.010495000413188993,2726.4675826047464,2712.0472351538547,272.64675826047466,2401.2,75994.78996688742,11939.207836644591,-64055.58213024282,-5.365145075508216,True,True,7017.77
D00060,2015,frontier_all_candidates_economic,rf_profundo,30,3.0,0.5,62.83793598233996,125.67587196467991,25,fixed_training_mean,0.06,36.0,132.0,17.0,86478.0,86663.0,168.0,0.6792452830188679,0.21428571428571427,0.3257918552036199,19.38543553765736,1442.179999999999,1572.2449116997793,,127,23885,63,63995,88070,24012,0.6684210526315789,0.0052890221555888725,0.010495000413188993,2726.4675826047464,2712.0472351538547,272.64675826047466,2401.2,75994.78996688742,11939.207836644591,-64055.58213024282,-5.365145075508216,True,True,7017.77
D00061,2015,frontier_same_model_capacity_only,rf_profundo,30,3.0,0.5,62.83793598233996,125.67587196467991,50,fixed_training_mean,0.035,39.0,350.0,14.0,86260.0,86663.0,389.0,0.7358490566037735,0.10025706940874037,0.17647058823529413,44.88651442945663,1103.4699999999984,2046.7311037527593,,130,24910,60,62970,88070,25040,0.6842105263157895,0.005191693290734824,0.010305192231470472,2843.1929147269216,2828.4319291472693,284.31929147269216,2504.0,78890.2761589404,11939.207836644591,-66951.0683222958,-5.607664196681897,True,True,6495.21
D00062,2015,frontier_same_model_economic,rf_profundo,30,3.0,0.5,62.83793598233996,125.67587196467991,50,fixed_training_mean,0.035,39.0,350.0,14.0,86260.0,86663.0,389.0,0.7358490566037735,0.10025706940874037,0.17647058823529413,44.88651442945663,1103.4699999999984,2046.7311037527593,,130,24910,60,62970,88070,25040,0.6842105263157895,0.005191693290734824,0.010305192231470472,2843.1929147269216,2828.4319291472693,284.31929147269216,2504.0,78890.2761589404,11939.207836644591,-66951.0683222958,-5.607664196681897,True,True,6495.21
D00063,2015,frontier_all_candidates_capacity_only,r1_sin_balanceo,30,3.0,0.5,62.83793598233996,125.67587196467991,50,fixed_training_mean,0.016519726771066157,40.0,371.0,13.0,86239.0,86663.0,411.0,0.7547169811320755,0.09732360097323602,0.1724137931034483,47.425083368911764,1148.7699999999977,2049.8931677704195,,126,24658,64,63222,88070,24784,0.6631578947368421,0.005083925112976113,0.010090494113878433,2814.1251277392985,2799.818326331327,281.41251277392985,2478.4,78373.62790286976,11939.207836644591,-66434.42006622517,-5.564390952498568,True,True,6763.06
D00064,2015,frontier_all_candidates_economic,r1_sin_balanceo,30,3.0,0.5,62.83793598233996,125.67587196467991,50,fixed_training_mean,0.016519726771066157,40.0,371.0,13.0,86239.0,86663.0,411.0,0.7547169811320755,0.09732360097323602,0.1724137931034483,47.425083368911764,1148.7699999999977,2049.8931677704195,,126,24658,64,63222,88070,24784,0.6631578947368421,0.005083925112976113,0.010090494113878433,2814.1251277392985,2799.818326331327,281.41251277392985,2478.4,78373.62790286976,11939.207836644591,-66434.42006622517,-5.564390952498568,True,True,6763.06
D00065,2015,frontier_same_model_capacity_only,rf_profundo,30,3.0,0.5,62.83793598233996,125.67587196467991,100,fixed_training_mean,0.025,42.0,621.0,11.0,85989.0,86663.0,663.0,0.7924528301886793,0.06334841628959276,0.11731843575418995,76.5032366753978,844.7199999999984,2680.2172958057395,,142,26077,48,61803,88070,26219,0.7473684210526316,0.005415919752850986,0.010753909652012571,2977.063699330078,2960.940161235381,297.7063699330078,2621.9,81673.22092715232,11939.207836644591,-69734.01309050772,-5.840757112584603,True,True,4100.54
D00066,2015,frontier_same_model_economic,rf_profundo,30,3.0,0.5,62.83793598233996,125.67587196467991,100,fixed_training_mean,0.025,42.0,621.0,11.0,85989.0,86663.0,663.0,0.7924528301886793,0.06334841628959276,0.11731843575418995,76.5032366753978,844.7199999999984,2680.2172958057395,,142,26077,48,61803,88070,26219,0.7473684210526316,0.005415919752850986,0.010753909652012571,2977.063699330078,2960.940161235381,297.7063699330078,2621.9,81673.22092715232,11939.207836644591,-69734.01309050772,-5.840757112584603,True,True,4100.54
D00067,2015,frontier_all_candidates_capacity_only,rf_profundo,30,3.0,0.5,62.83793598233996,125.67587196467991,100,fixed_training_mean,0.025,42.0,621.0,11.0,85989.0,86663.0,663.0,0.7924528301886793,0.06334841628959276,0.11731843575418995,76.5032366753978,844.7199999999984,2680.2172958057395,,142,26077,48,61803,88070,26219,0.7473684210526316,0.005415919752850986,0.010753909652012571,2977.063699330078,2960.940161235381,297.7063699330078,2621.9,81673.22092715232,11939.207836644591,-69734.01309050772,-5.840757112584603,True,True,4100.54
D00068,2015,frontier_all_candidates_economic,rf_profundo,30,3.0,0.5,62.83793598233996,125.67587196467991,100,fixed_training_mean,0.025,42.0,621.0,11.0,85989.0,86663.0,663.0,0.7924528301886793,0.06334841628959276,0.11731843575418995,76.5032366753978,844.7199999999984,2680.2172958057395,,142,26077,48,61803,88070,26219,0.7473684210526316,0.005415919752850986,0.010753909652012571,2977.063699330078,2960.940161235381,297.7063699330078,2621.9,81673.22092715232,11939.207836644591,-69734.01309050772,-5.840757112584603,True,True,4100.54
D00069,2015,frontier_same_model_capacity_only,rf_profundo,30,3.0,0.5,62.83793598233996,125.67587196467991,250,fixed_training_mean,0.02,43.0,860.0,10.0,85750.0,86663.0,903.0,0.8113207547169812,0.047619047619047616,0.0899581589958159,104.19671601490832,838.699999999998,3337.3793598233997,,147,27332,43,60548,88070,27479,0.7736842105263158,0.0053495396484588235,0.010625609888322672,3120.1317134097876,3103.4404451004884,312.0131713409788,2747.9,85139.03124724062,11939.207836644591,-73199.82341059603,-6.131045242878375,True,True,3472.2500000000005
D00070,2015,frontier_same_model_economic,rf_profundo,30,3.0,0.5,62.83793598233996,125.67587196467991,250,fixed_training_mean,0.025,42.0,621.0,11.0,85989.0,86663.0,663.0,0.7924528301886793,0.06334841628959276,0.11731843575418995,76.5032366753978,844.7199999999984,2680.2172958057395,,142,26077,48,61803,88070,26219,0.7473684210526316,0.005415919752850986,0.010753909652012571,2977.063699330078,2960.940161235381,297.7063699330078,2621.9,81673.22092715232,11939.207836644591,-69734.01309050772,-5.840757112584603,True,True,4100.54
D00071,2015,frontier_all_candidates_capacity_only,r1_sin_balanceo,30,3.0,0.5,62.83793598233996,125.67587196467991,250,fixed_training_mean,0.008892138596922438,46.0,1793.0,7.0,84817.0,86663.0,1839.0,0.8679245283018868,0.025013594344752584,0.048625792811839326,212.20128543899935,396.0799999999981,5956.86555187638,,153,26936,37,60944,88070,27089,0.8052631578947368,0.005648049023588911,0.011217419993401518,3075.84875667083,3058.476212104008,307.584875667083,2708.9,83592.00363134658,11939.207836644591,-71652.79579470199,-6.00146984415336,True,True,3173.54
D00072,2015,frontier_all_candidates_economic,rf_profundo,30,3.0,0.5,62.83793598233996,125.67587196467991,250,fixed_training_mean,0.025,42.0,621.0,11.0,85989.0,86663.0,663.0,0.7924528301886793,0.06334841628959276,0.11731843575418995,76.5032366753978,844.7199999999984,2680.2172958057395,,142,26077,48,61803,88070,26219,0.7473684210526316,0.005415919752850986,0.010753909652012571,2977.063699330078,2960.940161235381,297.7063699330078,2621.9,81673.22092715232,11939.207836644591,-69734.01309050772,-5.840757112584603,True,True,4100.54
D00073,2015,variable_amount_sensitivity,rf_profundo,30,3.0,0.25,31.41896799116998,125.67587196467991,50,variable_positive_amount,0.185,32.0,13.0,21.0,86597.0,86663.0,45.0,0.6037735849056604,0.7111111111111111,0.6530612244897959,5.192527376158222,1784.619999999999,581.1549999999997,,107,18278,83,69602,88070,18385,0.5631578947368421,0.005819961925482731,0.011520861372812921,2087.5439990916316,2075.3945724991486,208.75439990916317,1838.5,58590.4075,7003.0275,-51587.380000000005,-7.366439729102877,True,True,13741.63
D00074,2015,variable_amount_sensitivity,rf_profundo,30,3.0,0.5,62.83793598233996,125.67587196467991,50,variable_positive_amount,0.125,33.0,29.0,20.0,86581.0,86663.0,62.0,0.6226415094339622,0.532258064516129,0.5739130434782609,7.1541488293735505,1620.0899999999988,996.0449999999994,,114,21622,76,66258,88070,21736,0.6,0.005244755244755245,0.010398613518197574,2468.036788917906,2455.0925400249803,246.8036788917906,2173.6,69653.73,14006.055,-55647.674999999996,-3.973115556093418,True,True,8891.46
D00075,2015,variable_amount_sensitivity,rf_profundo,30,3.0,1.0,125.67587196467991,125.67587196467991,50,variable_positive_amount,0.105,34.0,40.0,19.0,86570.0,86663.0,74.0,0.6415094339622641,0.4594594594594595,0.5354330708661418,8.538822796349077,1574.9599999999987,1796.9599999999987,,117,22683,73,65197,88070,22800,0.6157894736842106,0.005131578947368421,0.01017833840800348,2588.8497785852164,2575.564891563529,258.88497785852167,2280.0,77099.70999999999,28012.11,-49087.59999999999,-1.7523706711133147,True,True,8699.71
D00076,2016,cost_sensitivity,rf_actualizado,15,1.5,0.25,31.23172735346359,124.92690941385436,10,fixed_training_mean,0.23388382358654777,44.0,0.0,89.0,44286.0,44419.0,44.0,0.3308270676691729,1.0,0.4971751412429379,9.90567099664558,11440.71,2845.6237344582596,False,62,4,164,87555,87785,66,0.2743362831858407,0.9393939393939394,0.4246575342465753,7.518368741812383,0.4556587116249929,0.7518368741812383,6.6,5221.003285968029,7058.370381882772,1837.367095914743,0.26031038278054175,False,False,23685.59
D00077,2016,cost_sensitivity,rf_variables_revisadas,15,1.5,0.25,31.23172735346359,124.92690941385436,25,fixed_training_mean,0.048107791790953695,82.0,21.0,51.0,44265.0,44419.0,103.0,0.6165413533834586,0.7961165048543689,0.6949152542372882,23.188275287602153,6236.040000000003,1747.318095026643,False,130,51,96,87508,87785,181,0.5752212389380531,0.7182320441988951,0.6388206388206388,20.61855670103093,5.809648573218659,2.061855670103093,18.1,3269.745825932505,7058.370381882772,3788.6245559502668,0.5367562696447331,False,False,11326.05
D00078,2016,cost_sensitivity,rf_variables_revisadas,15,1.5,0.25,31.23172735346359,124.92690941385436,50,fixed_training_mean,0.017444595171504994,93.0,123.0,40.0,44163.0,44419.0,216.0,0.6992481203007519,0.4305555555555556,0.5329512893982808,48.6278394380783,4294.710000000005,1573.2690941385436,False,155,231,71,87328,87785,386,0.6858407079646017,0.4015544041450777,0.5065359477124183,43.971065671811814,26.314290596343337,4.397106567181182,38.6,2796.452642095915,7058.370381882772,4261.917739786857,0.6038104419578532,False,False,7045.389999999999
D00079,2016,cost_sensitivity,rf_variables_revisadas,15,1.5,0.25,31.23172735346359,124.92690941385436,100,fixed_training_mean,0.015953432179601556,95.0,147.0,38.0,44139.0,44419.0,242.0,0.7142857142857143,0.3925619834710744,0.5066666666666667,54.48119048155069,4039.7100000000046,1549.8056394316163,False,156,278,70,87281,87785,434,0.6902654867256637,0.35944700460829493,0.4727272727272727,49.43897021131173,31.668280457937005,4.943897021131173,43.4,2837.2209147424514,7058.370381882772,4221.14946714032,0.5980345658786975,False,False,6911.579999999999
D00080,2016,cost_sensitivity,rf_variables_revisadas,15,1.5,0.25,31.23172735346359,124.92690941385436,250,fixed_training_mean,0.015953432179601556,95.0,147.0,38.0,44139.0,44419.0,242.0,0.7142857142857143,0.3925619834710744,0.5066666666666667,54.48119048155069,4039.7100000000046,1549.8056394316163,False,156,278,70,87281,87785,434,0.6902654867256637,0.35944700460829493,0.4727272727272727,49.43897021131173,31.668280457937005,4.943897021131173,43.4,2837.2209147424514,7058.370381882772,4221.14946714032,0.5980345658786975,False,False,6911.579999999999
D00081,2016,cost_sensitivity,rf_actualizado,15,1.5,0.5,62.46345470692718,124.92690941385436,10,fixed_training_mean,0.23388382358654777,44.0,0.0,89.0,44286.0,44419.0,44.0,0.3308270676691729,1.0,0.4971751412429379,9.90567099664558,11440.71,5625.247468916519,False,62,4,164,87555,87785,66,0.2743362831858407,0.9393939393939394,0.4246575342465753,7.518368741812383,0.4556587116249929,0.7518368741812383,6.6,10343.006571936057,14116.740763765543,3773.734191829486,0.2673233329831913,False,False,23685.59
D00082,2016,cost_sensitivity,rf_variables_revisadas,15,1.5,0.5,62.46345470692718,124.92690941385436,25,fixed_training_mean,0.048107791790953695,82.0,21.0,51.0,44265.0,44419.0,103.0,0.6165413533834586,0.7961165048543689,0.6949152542372882,23.188275287602153,6236.040000000003,3340.136190053286,False,130,51,96,87508,87785,181,0.5752212389380531,0.7182320441988951,0.6388206388206388,20.61855670103093,5.809648573218659,2.061855670103093,18.1,6267.99165186501,14116.740763765543,7848.7491119005335,0.555988754291393,False,False,11326.05
D00083,2016,cost_sensitivity,rf_variables_revisadas,15,1.5,0.5,62.46345470692718,124.92690941385436,50,fixed_training_mean,0.017444595171504994,93.0,123.0,40.0,44163.0,44419.0,216.0,0.6992481203007519,0.4305555555555556,0.5329512893982808,48.6278394380783,4294.710000000005,2822.538188277087,False,155,231,71,87328,87785,386,0.6858407079646017,0.4015544041450777,0.5065359477124183,43.971065671811814,26.314290596343337,4.397106567181182,38.6,5013.90528419183,14116.740763765543,9102.835479573714,0.6448255749612275,False,False,7045.389999999999
D00084,2016,cost_sensitivity,rf_variables_revisadas,15,1.5,0.5,62.46345470692718,124.92690941385436,100,fixed_training_mean,0.01171670941011998,102.0,314.0,31.0,43972.0,44419.0,416.0,0.7669172932330827,0.24519230769230768,0.37158469945355194,93.65361669555821,2848.8300000000054,2560.3670959147425,False,167,566,59,86993,87785,733,0.7389380530973452,0.22783083219645292,0.3482794577685089,83.49945890527995,64.47570769493649,8.349945890527996,73.3,4784.843827708703,14116.740763765543,9331.89693605684,0.6610518031194349,False,False,5431.6
D00085,2016,cost_sensitivity,rf_variables_revisadas,15,1.5,0.5,62.46345470692718,124.92690941385436,250,fixed_training_mean,0.010110126824953327,106.0,461.0,27.0,43825.0,44419.0,567.0,0.7969924812030075,0.18694885361552027,0.3028571428571429,127.64807852495554,2511.0100000000057,2537.013277087034,False,173,851,53,86708,87785,1024,0.7654867256637168,0.1689453125,0.2768,116.64863017599818,96.94139089821724,11.664863017599819,102.4,4846.563099467141,14116.740763765543,9270.177664298402,0.6566797407013973,False,False,3970.6400000000003
D00086,2016,cost_sensitivity,rf_actualizado,15,1.5,1.0,124.92690941385436,124.92690941385436,10,fixed_training_mean,0.23388382358654777,44.0,0.0,89.0,44286.0,44419.0,44.0,0.3308270676691729,1.0,0.4971751412429379,9.90567099664558,11440.71,11184.494937833038,False,62,4,164,87555,87785,66,0.2743362831858407,0.9393939393939394,0.4246575342465753,7.518368741812383,0.4556587116249929,0.7518368741812383,6.6,20587.013143872115,28233.481527531087,7646.468383658972,0.270829808084516,False,False,23685.59
D00087,2016,cost_sensitivity,rf_variables_revisadas,15,1.5,1.0,124.92690941385436,124.92690941385436,25,fixed_training_mean,0.048107791790953695,82.0,21.0,51.0,44265.0,44419.0,103.0,0.6165413533834586,0.7961165048543689,0.6949152542372882,23.188275287602153,6236.040000000003,6525.772380106572,False,130,51,96,87508,87785,181,0.5752212389380531,0.7182320441988951,0.6388206388206388,20.61855670103093,5.809648573218659,2.061855670103093,18.1,12264.48330373002,28233.481527531087,15968.998223801067,0.5656049966147231,False,False,11326.05
D00088,2016,cost_sensitivity,rf_variables_revisadas,15,1.5,1.0,124.92690941385436,124.92690941385436,50,fixed_training_mean,0.017444595171504994,93.0,123.0,40.0,44163.0,44419.0,216.0,0.6992481203007519,0.4305555555555556,0.5329512893982808,48.6278394380783,4294.710000000005,5321.076376554174,False,155,231,71,87328,87785,386,0.6858407079646017,0.4015544041450777,0.5065359477124183,43.971065671811814,26.314290596343337,4.397106567181182,38.6,9448.81056838366,28233.481527531087,18784.67095914743,0.6653331414629147,False,False,7045.389999999999
D00089,2016,cost_sensitivity,rf_variables_revisadas,15,1.5,1.0,124.92690941385436,124.92690941385436,100,fixed_training_mean,0.01171670941011998,102.0,314.0,31.0,43972.0,44419.0,416.0,0.7669172932330827,0.24519230769230768,0.37158469945355194,93.65361669555821,2848.8300000000054,4496.734191829485,False,167,566,59,86993,87785,733,0.7389380530973452,0.22783083219645292,0.3482794577685089,83.49945890527995,64.47570769493649,8.349945890527996,73.3,8470.187655417407,28233.481527531087,19763.29387211368,0.69999492810839,False,False,5431.6
D00090,2016,cost_sensitivity,rf_variables_revisadas,15,1.5,1.0,124.92690941385436,124.92690941385436,250,fixed_training_mean,0.008048879805686738,112.0,873.0,21.0,43413.0,44419.0,985.0,0.8421052631578947,0.11370558375634518,0.2003577817531306,221.75195299308854,1904.8600000000042,4100.965097690942,False,182,1688,44,85871,87785,1870,0.8053097345132744,0.09732620320855614,0.1736641221374046,213.02044768468417,192.287976305747,21.302044768468416,187.0,8301.784014209592,28233.481527531087,19931.697513321495,0.7059596066424064,False,False,3470.6
D00091,2016,cost_sensitivity,rf_actualizado,30,3.0,0.25,31.23172735346359,124.92690941385436,10,fixed_training_mean,0.23388382358654777,44.0,0.0,89.0,44286.0,44419.0,44.0,0.3308270676691729,1.0,0.4971751412429379,9.90567099664558,11440.71,2911.6237344582596,False,62,4,164,87555,87785,66,0.2743362831858407,0.9393939393939394,0.4246575342465753,7.518368741812383,0.4556587116249929,0.7518368741812383,6.6,5320.003285968029,7058.370381882772,1738.367095914743,0.24628448237524275,False,False,23685.59
D00092,2016,cost_sensitivity,rf_variables_revisadas,30,3.0,0.25,31.23172735346359,124.92690941385436,25,fixed_training_mean,0.048107791790953695,82.0,21.0,51.0,44265.0,44419.0,103.0,0.6165413533834586,0.7961165048543689,0.6949152542372882,23.188275287602153,6236.040000000003,1901.818095026643,False,130,51,96,87508,87785,181,0.5752212389380531,0.7182320441988951,0.6388206388206388,20.61855670103093,5.809648573218659,2.061855670103093,18.1,3541.245825932505,7058.370381882772,3517.1245559502668,0.4982913003514131,False,False,11326.05
D00093,2016,cost_sensitivity,rf_variables_revisadas,30,3.0,0.25,31.23172735346359,124.92690941385436,50,fixed_training_mean,0.025249642946088904,89.0,63.0,44.0,44223.0,44419.0,152.0,0.6691729323308271,0.5855263157894737,0.624561403508772,34.21959071568473,4713.670000000004,1830.196003552398,False,146,130,80,87429,87785,276,0.6460176991150443,0.5289855072463768,0.5816733067729084,31.44045110212451,14.808908127812268,3.144045110212451,27.6,3326.538188277087,7058.370381882772,3731.8321936056846,0.5287101684525436,False,False,8252.869999999999
D00094,2016,cost_sensitivity,rf_variables_revisadas,30,3.0,0.25,31.23172735346359,124.92690941385436,100,fixed_training_mean,0.025249642946088904,89.0,63.0,44.0,44223.0,44419.0,152.0,0.6691729323308271,0.5855263157894737,0.624561403508772,34.21959071568473,4713.670000000004,1830.196003552398,False,146,130,80,87429,87785,276,0.6460176991150443,0.5289855072463768,0.5816733067729084,31.44045110212451,14.808908127812268,3.144045110212451,27.6,3326.538188277087,7058.370381882772,3731.8321936056846,0.5287101684525436,False,False,8252.869999999999
D00095,2016,cost_sensitivity,rf_variables_revisadas,30,3.0,0.25,31.23172735346359,124.92690941385436,250,fixed_training_mean,0.025249642946088904,89.0,63.0,44.0,44223.0,44419.0,152.0,0.6691729323308271,0.5855263157894737,0.624561403508772,34.21959071568473,4713.670000000004,1830.196003552398,False,146,130,80,87429,87785,276,0.6460176991150443,0.5289855072463768,0.5816733067729084,31.44045110212451,14.808908127812268,3.144045110212451,27.6,3326.538188277087,7058.370381882772,3731.8321936056846,0.5287101684525436,False,False,8252.869999999999
D00096,2016,cost_sensitivity,rf_actualizado,30,3.0,0.5,62.46345470692718,124.92690941385436,10,fixed_training_mean,0.23388382358654777,44.0,0.0,89.0,44286.0,44419.0,44.0,0.3308270676691729,1.0,0.4971751412429379,9.90567099664558,11440.71,5691.247468916519,False,62,4,164,87555,87785,66,0.2743362831858407,0.9393939393939394,0.4246575342465753,7.518368741812383,0.4556587116249929,0.7518368741812383,6.6,10442.006571936057,14116.740763765543,3674.734191829486,0.26031038278054175,False,False,23685.59
D00097,2016,cost_sensitivity,rf_variables_revisadas,30,3.0,0.5,62.46345470692718,124.92690941385436,25,fixed_training_mean,0.048107791790953695,82.0,21.0,51.0,44265.0,44419.0,103.0,0.6165413533834586,0.7961165048543689,0.6949152542372882,23.188275287602153,6236.040000000003,3494.636190053286,False,130,51,96,87508,87785,181,0.5752212389380531,0.7182320441988951,0.6388206388206388,20.61855670103093,5.809648573218659,2.061855670103093,18.1,6539.49165186501,14116.740763765543,7577.2491119005335,0.5367562696447331,False,False,11326.05
D00098,2016,cost_sensitivity,rf_variables_revisadas,30,3.0,0.5,62.46345470692718,124.92690941385436,50,fixed_training_mean,0.017444595171504994,93.0,123.0,40.0,44163.0,44419.0,216.0,0.6992481203007519,0.4305555555555556,0.5329512893982808,48.6278394380783,4294.710000000005,3146.538188277087,True,155,231,71,87328,87785,386,0.6858407079646017,0.4015544041450777,0.5065359477124183,43.971065671811814,26.314290596343337,4.397106567181182,38.6,5592.90528419183,14116.740763765543,8523.835479573714,0.6038104419578532,False,False,7045.389999999999
D00099,2016,cost_sensitivity,rf_variables_revisadas,30,3.0,0.5,62.46345470692718,124.92690941385436,100,fixed_training_mean,0.015953432179601556,95.0,147.0,38.0,44139.0,44419.0,242.0,0.7142857142857143,0.3925619834710744,0.5066666666666667,54.48119048155069,4039.7100000000046,3099.6112788632327,False,156,278,70,87281,87785,434,0.6902654867256637,0.35944700460829493,0.4727272727272727,49.43897021131173,31.668280457937005,4.943897021131173,43.4,5674.441829484903,14116.740763765543,8442.29893428064,0.5980345658786975,False,False,6911.579999999999
D00100,2016,cost_sensitivity,rf_variables_revisadas,30,3.0,0.5,62.46345470692718,124.92690941385436,250,fixed_training_mean,0.015953432179601556,95.0,147.0,38.0,44139.0,44419.0,242.0,0.7142857142857143,0.3925619834710744,0.5066666666666667,54.48119048155069,4039.7100000000046,3099.6112788632327,False,156,278,70,87281,87785,434,0.6902654867256637,0.35944700460829493,0.4727272727272727,49.43897021131173,31.668280457937005,4.943897021131173,43.4,5674.441829484903,14116.740763765543,8442.29893428064,0.5980345658786975,False,False,6911.579999999999
D00101,2016,cost_sensitivity,rf_actualizado,30,3.0,1.0,124.92690941385436,124.92690941385436,10,fixed_training_mean,0.23388382358654777,44.0,0.0,89.0,44286.0,44419.0,44.0,0.3308270676691729,1.0,0.4971751412429379,9.90567099664558,11440.71,11250.494937833038,False,62,4,164,87555,87785,66,0.2743362831858407,0.9393939393939394,0.4246575342465753,7.518368741812383,0.4556587116249929,0.7518368741812383,6.6,20686.013143872115,28233.481527531087,7547.468383658972,0.2673233329831913,False,False,23685.59
D00102,2016,cost_sensitivity,rf_variables_revisadas,30,3.0,1.0,124.92690941385436,124.92690941385436,25,fixed_training_mean,0.048107791790953695,82.0,21.0,51.0,44265.0,44419.0,103.0,0.6165413533834586,0.7961165048543689,0.6949152542372882,23.188275287602153,6236.040000000003,6680.272380106572,False,130,51,96,87508,87785,181,0.5752212389380531,0.7182320441988951,0.6388206388206388,20.61855670103093,5.809648573218659,2.061855670103093,18.1,12535.98330373002,28233.481527531087,15697.498223801067,0.555988754291393,False,False,11326.05
D00103,2016,cost_sensitivity,rf_variables_revisadas,30,3.0,1.0,124.92690941385436,124.92690941385436,50,fixed_training_mean,0.017444595171504994,93.0,123.0,40.0,44163.0,44419.0,216.0,0.6992481203007519,0.4305555555555556,0.5329512893982808,48.6278394380783,4294.710000000005,5645.076376554174,False,155,231,71,87328,87785,386,0.6858407079646017,0.4015544041450777,0.5065359477124183,43.971065671811814,26.314290596343337,4.397106567181182,38.6,10027.81056838366,28233.481527531087,18205.67095914743,0.6448255749612275,False,False,7045.389999999999
D00104,2016,cost_sensitivity,rf_variables_revisadas,30,3.0,1.0,124.92690941385436,124.92690941385436,100,fixed_training_mean,0.01171670941011998,102.0,314.0,31.0,43972.0,44419.0,416.0,0.7669172932330827,0.24519230769230768,0.37158469945355194,93.65361669555821,2848.8300000000054,5120.734191829485,False,167,566,59,86993,87785,733,0.7389380530973452,0.22783083219645292,0.3482794577685089,83.49945890527995,64.47570769493649,8.349945890527996,73.3,9569.687655417407,28233.481527531087,18663.79387211368,0.6610518031194349,False,False,5431.6
D00105,2016,cost_sensitivity,rf_variables_revisadas,30,3.0,1.0,124.92690941385436,124.92690941385436,250,fixed_training_mean,0.010110126824953327,106.0,461.0,27.0,43825.0,44419.0,567.0,0.7969924812030075,0.18694885361552027,0.3028571428571429,127.64807852495554,2511.0100000000057,5074.026554174068,False,173,851,53,86708,87785,1024,0.7654867256637168,0.1689453125,0.2768,116.64863017599818,96.94139089821724,11.664863017599819,102.4,9693.126198934282,28233.481527531087,18540.355328596805,0.6566797407013973,False,False,3970.6400000000003
D00106,2016,cost_sensitivity,rf_actualizado,60,6.0,0.25,31.23172735346359,124.92690941385436,10,fixed_training_mean,0.23388382358654777,44.0,0.0,89.0,44286.0,44419.0,44.0,0.3308270676691729,1.0,0.4971751412429379,9.90567099664558,11440.71,3043.6237344582596,False,62,4,164,87555,87785,66,0.2743362831858407,0.9393939393939394,0.4246575342465753,7.518368741812383,0.4556587116249929,0.7518368741812383,6.6,5518.003285968029,7058.370381882772,1540.367095914743,0.21823268156464476,False,False,23685.59
D00107,2016,cost_sensitivity,rf_profundo,60,6.0,0.25,31.23172735346359,124.92690941385436,25,fixed_training_mean,0.2,79.0,5.0,54.0,44281.0,44419.0,84.0,0.5939849624060151,0.9404761904761905,0.728110599078341,18.91082644814156,6500.070000000005,2190.513277087034,False,118,21,108,87538,87785,139,0.5221238938053098,0.8489208633093526,0.6465753424657534,15.834140228968502,2.3922082360312125,1.5834140228968503,13.9,4207.026554174068,7058.370381882772,2851.3438277087034,0.40396630857279087,False,False,12833.61
D00108,2016,cost_sensitivity,rf_profundo,60,6.0,0.25,31.23172735346359,124.92690941385436,50,fixed_training_mean,0.2,79.0,5.0,54.0,44281.0,44419.0,84.0,0.5939849624060151,0.9404761904761905,0.728110599078341,18.91082644814156,6500.070000000005,2190.513277087034,False,118,21,108,87538,87785,139,0.5221238938053098,0.8489208633093526,0.6465753424657534,15.834140228968502,2.3922082360312125,1.5834140228968503,13.9,4207.026554174068,7058.370381882772,2851.3438277087034,0.40396630857279087,False,False,12833.61
D00109,2016,cost_sensitivity,rf_profundo,60,6.0,0.25,31.23172735346359,124.92690941385436,100,fixed_training_mean,0.2,79.0,5.0,54.0,44281.0,44419.0,84.0,0.5939849624060151,0.9404761904761905,0.728110599078341,18.91082644814156,6500.070000000005,2190.513277087034,False,118,21,108,87538,87785,139,0.5221238938053098,0.8489208633093526,0.6465753424657534,15.834140228968502,2.3922082360312125,1.5834140228968503,13.9,4207.026554174068,7058.370381882772,2851.3438277087034,0.40396630857279087,False,False,12833.61
D00110,2016,cost_sensitivity,rf_profundo,60,6.0,0.25,31.23172735346359,124.92690941385436,250,fixed_training_mean,0.2,79.0,5.0,54.0,44281.0,44419.0,84.0,0.5939849624060151,0.9404761904761905,0.728110599078341,18.91082644814156,6500.070000000005,2190.513277087034,False,118,21,108,87538,87785,139,0.5221238938053098,0.8489208633093526,0.6465753424657534,15.834140228968502,2.3922082360312125,1.5834140228968503,13.9,4207.026554174068,7058.370381882772,2851.3438277087034,0.40396630857279087,False,False,12833.61
D00111,2016,cost_sensitivity,rf_actualizado,60,6.0,0.5,62.46345470692718,124.92690941385436,10,fixed_training_mean,0.23388382358654777,44.0,0.0,89.0,44286.0,44419.0,44.0,0.3308270676691729,1.0,0.4971751412429379,9.90567099664558,11440.71,5823.247468916519,False,62,4,164,87555,87785,66,0.2743362831858407,0.9393939393939394,0.4246575342465753,7.518368741812383,0.4556587116249929,0.7518368741812383,6.6,10640.006571936057,14116.740763765543,3476.734191829486,0.24628448237524275,False,False,23685.59
D00112,2016,cost_sensitivity,rf_variables_revisadas,60,6.0,0.5,62.46345470692718,124.92690941385436,25,fixed_training_mean,0.048107791790953695,82.0,21.0,51.0,44265.0,44419.0,103.0,0.6165413533834586,0.7961165048543689,0.6949152542372882,23.188275287602153,6236.040000000003,3803.636190053286,False,130,51,96,87508,87785,181,0.5752212389380531,0.7182320441988951,0.6388206388206388,20.61855670103093,5.809648573218659,2.061855670103093,18.1,7082.49165186501,14116.740763765543,7034.2491119005335,0.4982913003514131,False,False,11326.05
D00113,2016,cost_sensitivity,rf_variables_revisadas,60,6.0,0.5,62.46345470692718,124.92690941385436,50,fixed_training_mean,0.025249642946088904,89.0,63.0,44.0,44223.0,44419.0,152.0,0.6691729323308271,0.5855263157894737,0.624561403508772,34.21959071568473,4713.670000000004,3660.392007104796,False,146,130,80,87429,87785,276,0.6460176991150443,0.5289855072463768,0.5816733067729084,31.44045110212451,14.808908127812268,3.144045110212451,27.6,6653.076376554174,14116.740763765543,7463.664387211369,0.5287101684525436,False,False,8252.869999999999
D00114,2016,cost_sensitivity,rf_variables_revisadas,60,6.0,0.5,62.46345470692718,124.92690941385436,100,fixed_training_mean,0.025249642946088904,89.0,63.0,44.0,44223.0,44419.0,152.0,0.6691729323308271,0.5855263157894737,0.624561403508772,34.21959071568473,4713.670000000004,3660.392007104796,False,146,130,80,87429,87785,276,0.6460176991150443,0.5289855072463768,0.5816733067729084,31.44045110212451,14.808908127812268,3.144045110212451,27.6,6653.076376554174,14116.740763765543,7463.664387211369,0.5287101684525436,False,False,8252.869999999999
D00115,2016,cost_sensitivity,rf_variables_revisadas,60,6.0,0.5,62.46345470692718,124.92690941385436,250,fixed_training_mean,0.025249642946088904,89.0,63.0,44.0,44223.0,44419.0,152.0,0.6691729323308271,0.5855263157894737,0.624561403508772,34.21959071568473,4713.670000000004,3660.392007104796,False,146,130,80,87429,87785,276,0.6460176991150443,0.5289855072463768,0.5816733067729084,31.44045110212451,14.808908127812268,3.144045110212451,27.6,6653.076376554174,14116.740763765543,7463.664387211369,0.5287101684525436,False,False,8252.869999999999
D00116,2016,cost_sensitivity,rf_actualizado,60,6.0,1.0,124.92690941385436,124.92690941385436,10,fixed_training_mean,0.23388382358654777,44.0,0.0,89.0,44286.0,44419.0,44.0,0.3308270676691729,1.0,0.4971751412429379,9.90567099664558,11440.71,11382.494937833038,False,62,4,164,87555,87785,66,0.2743362831858407,0.9393939393939394,0.4246575342465753,7.518368741812383,0.4556587116249929,0.7518368741812383,6.6,20884.013143872115,28233.481527531087,7349.468383658972,0.26031038278054175,False,False,23685.59
D00117,2016,cost_sensitivity,rf_variables_revisadas,60,6.0,1.0,124.92690941385436,124.92690941385436,25,fixed_training_mean,0.048107791790953695,82.0,21.0,51.0,44265.0,44419.0,103.0,0.6165413533834586,0.7961165048543689,0.6949152542372882,23.188275287602153,6236.040000000003,6989.272380106572,False,130,51,96,87508,87785,181,0.5752212389380531,0.7182320441988951,0.6388206388206388,20.61855670103093,5.809648573218659,2.061855670103093,18.1,13078.98330373002,28233.481527531087,15154.498223801067,0.5367562696447331,False,False,11326.05
D00118,2016,cost_sensitivity,rf_variables_revisadas,60,6.0,1.0,124.92690941385436,124.92690941385436,50,fixed_training_mean,0.017444595171504994,93.0,123.0,40.0,44163.0,44419.0,216.0,0.6992481203007519,0.4305555555555556,0.5329512893982808,48.6278394380783,4294.710000000005,6293.076376554174,False,155,231,71,87328,87785,386,0.6858407079646017,0.4015544041450777,0.5065359477124183,43.971065671811814,26.314290596343337,4.397106567181182,38.6,11185.81056838366,28233.481527531087,17047.67095914743,0.6038104419578532,False,False,7045.389999999999
D00119,2016,cost_sensitivity,rf_variables_revisadas,60,6.0,1.0,124.92690941385436,124.92690941385436,100,fixed_training_mean,0.015953432179601556,95.0,147.0,38.0,44139.0,44419.0,242.0,0.7142857142857143,0.3925619834710744,0.5066666666666667,54.48119048155069,4039.7100000000046,6199.222557726465,False,156,278,70,87281,87785,434,0.6902654867256637,0.35944700460829493,0.4727272727272727,49.43897021131173,31.668280457937005,4.943897021131173,43.4,11348.883658969806,28233.481527531087,16884.59786856128,0.5980345658786975,False,False,6911.579999999999
D00120,2016,cost_sensitivity,rf_variables_revisadas,60,6.0,1.0,124.92690941385436,124.92690941385436,250,fixed_training_mean,0.015953432179601556,95.0,147.0,38.0,44139.0,44419.0,242.0,0.7142857142857143,0.3925619834710744,0.5066666666666667,54.48119048155069,4039.7100000000046,6199.222557726465,False,156,278,70,87281,87785,434,0.6902654867256637,0.35944700460829493,0.4727272727272727,49.43897021131173,31.668280457937005,4.943897021131173,43.4,11348.883658969806,28233.481527531087,16884.59786856128,0.5980345658786975,False,False,6911.579999999999
D00121,2016,base_min_cost_capacity,rf_variables_revisadas,30,3.0,0.5,62.46345470692718,124.92690941385436,50,fixed_training_mean,0.017444595171504994,93.0,123.0,40.0,44163.0,44419.0,216.0,0.6992481203007519,0.4305555555555556,0.5329512893982808,48.6278394380783,4294.710000000005,3146.538188277087,,155,231,71,87328,87785,386,0.6858407079646017,0.4015544041450777,0.5065359477124183,43.971065671811814,26.314290596343337,4.397106567181182,38.6,5592.90528419183,14116.740763765543,8523.835479573714,0.6038104419578532,False,False,7045.389999999999
D00122,2016,base_min_cost_unconstrained,rf_variables_revisadas,30,3.0,0.5,62.46345470692718,124.92690941385436,10000,fixed_training_mean,0.015953432179601556,95.0,147.0,38.0,44139.0,44419.0,242.0,0.7142857142857143,0.3925619834710744,0.5066666666666667,54.48119048155069,4039.7100000000046,3099.6112788632327,,156,278,70,87281,87785,434,0.6902654867256637,0.35944700460829493,0.4727272727272727,49.43897021131173,31.668280457937005,4.943897021131173,43.4,5674.441829484903,14116.740763765543,8442.29893428064,0.5980345658786975,False,False,6911.579999999999
D00123,2016,f1_pool_reference,rf_profundo,30,3.0,0.5,62.46345470692718,124.92690941385436,50,fixed_training_mean,0.24,78.0,3.0,55.0,44283.0,44419.0,81.0,0.5864661654135338,0.9629629629629629,0.7289719626168224,18.23543978927936,6614.900000000005,3678.490008880995,,117,16,109,87543,87785,133,0.5176991150442478,0.8796992481203008,0.6518105849582173,15.150652161531013,1.8226348464999715,1.5150652161531013,13.3,7207.516563055063,14116.740763765543,6909.2242007104805,0.4894348005911453,False,False,13206.61
D00124,2016,f1_same_model_reference,rf_variables_revisadas,30,3.0,0.5,62.46345470692718,124.92690941385436,50,fixed_training_mean,0.06426266520673769,80.0,14.0,53.0,44272.0,44419.0,94.0,0.6015037593984962,0.851063829787234,0.7048458149779736,21.162115311015555,6291.990000000003,3592.5630994671405,,124,39,102,87520,87785,163,0.5486725663716814,0.7607361963190185,0.6375321336760925,18.56809249871846,4.44267243834368,1.8568092498718463,16.3,6860.272380106572,14116.740763765543,7256.468383658971,0.5140328426434431,False,False,12358.79
D00125,2016,threshold_0_5_same_model,rf_variables_revisadas,30,3.0,0.5,62.46345470692718,124.92690941385436,50,fixed_training_mean,0.5,1.0,0.0,132.0,44286.0,44419.0,1.0,0.007518796992481203,1.0,0.014925373134328358,0.22512888628739955,19961.440000000002,8248.176021314388,,6,0,220,87559,87785,6,0.02654867256637168,1.0,0.05172413793103448,0.6834880674374894,0.0,0.06834880674374894,0.6,13759.96003552398,14116.740763765543,356.78072824156334,0.025273590711344517,False,False,30404.02
D00126,2016,no_alert_reference,rf_variables_revisadas,30,3.0,0.5,62.46345470692718,124.92690941385436,50,fixed_training_mean,1.0000000000000002,0.0,0.0,133.0,44286.0,44419.0,0.0,0.0,0.0,0.0,0.0,20089.88,8307.639476021315,,0,0,226,87559,87785,0,0.0,0.0,0.0,0.0,0.0,0.0,0.0,14116.740763765543,14116.740763765543,0.0,0.0,False,False,31970.39
D00127,2016,all_alert_reference,rf_variables_revisadas,30,3.0,0.5,62.46345470692718,124.92690941385436,50,fixed_training_mean,0.0,133.0,44286.0,0.0,0.0,44419.0,44419.0,1.0,0.002994214187622414,0.005970551265936434,10000.0,0.0,133257.0,,226,87559,0,0,87785,87785,1.0,0.0025744717206812096,0.005135721671154742,10000.0,9974.255282793189,1000.0,8778.5,263355.0,14116.740763765543,-249238.25923623444,-17.655510107260188,True,True,0.0
D00128,2016,frontier_same_model_capacity_only,rf_variables_revisadas,30,3.0,0.5,62.46345470692718,124.92690941385436,10,fixed_training_mean,0.3204328088640677,44.0,0.0,89.0,44286.0,44419.0,44.0,0.3308270676691729,1.0,0.4971751412429379,9.90567099664558,15988.670000000002,5691.247468916519,,68,0,158,87559,87785,68,0.3008849557522124,1.0,0.46258503401360546,7.7461980976248785,0.0,0.7746198097624879,6.8,10073.225843694494,14116.740763765543,4043.5149200710493,0.2864340280619044,False,False,24289.77
D00129,2016,frontier_same_model_economic,rf_variables_revisadas,30,3.0,0.5,62.46345470692718,124.92690941385436,10,fixed_training_mean,0.3204328088640677,44.0,0.0,89.0,44286.0,44419.0,44.0,0.3308270676691729,1.0,0.4971751412429379,9.90567099664558,15988.670000000002,5691.247468916519,,68,0,158,87559,87785,68,0.3008849557522124,1.0,0.46258503401360546,7.7461980976248785,0.0,0.7746198097624879,6.8,10073.225843694494,14116.740763765543,4043.5149200710493,0.2864340280619044,False,False,24289.77
D00130,2016,frontier_all_candidates_capacity_only,rf_actualizado,30,3.0,0.5,62.46345470692718,124.92690941385436,10,fixed_training_mean,0.23388382358654777,44.0,0.0,89.0,44286.0,44419.0,44.0,0.3308270676691729,1.0,0.4971751412429379,9.90567099664558,11440.71,5691.247468916519,,62,4,164,87555,87785,66,0.2743362831858407,0.9393939393939394,0.4246575342465753,7.518368741812383,0.4556587116249929,0.7518368741812383,6.6,10442.006571936057,14116.740763765543,3674.734191829486,0.26031038278054175,False,False,23685.59
D00131,2016,frontier_all_candidates_economic,rf_actualizado,30,3.0,0.5,62.46345470692718,124.92690941385436,10,fixed_training_mean,0.23388382358654777,44.0,0.0,89.0,44286.0,44419.0,44.0,0.3308270676691729,1.0,0.4971751412429379,9.90567099664558,11440.71,5691.247468916519,,62,4,164,87555,87785,66,0.2743362831858407,0.9393939393939394,0.4246575342465753,7.518368741812383,0.4556587116249929,0.7518368741812383,6.6,10442.006571936057,14116.740763765543,3674.734191829486,0.26031038278054175,False,False,23685.59
D00132,2016,frontier_same_model_capacity_only,rf_variables_revisadas,30,3.0,0.5,62.46345470692718,124.92690941385436,25,fixed_training_mean,0.048107791790953695,82.0,21.0,51.0,44265.0,44419.0,103.0,0.6165413533834586,0.7961165048543689,0.6949152542372882,23.188275287602153,6236.040000000003,3494.636190053286,,130,51,96,87508,87785,181,0.5752212389380531,0.7182320441988951,0.6388206388206388,20.61855670103093,5.809648573218659,2.061855670103093,18.1,6539.49165186501,14116.740763765543,7577.2491119005335,0.5367562696447331,False,False,11326.05
D00133,2016,frontier_same_model_economic,rf_variables_revisadas,30,3.0,0.5,62.46345470692718,124.92690941385436,25,fixed_training_mean,0.048107791790953695,82.0,21.0,51.0,44265.0,44419.0,103.0,0.6165413533834586,0.7961165048543689,0.6949152542372882,23.188275287602153,6236.040000000003,3494.636190053286,,130,51,96,87508,87785,181,0.5752212389380531,0.7182320441988951,0.6388206388206388,20.61855670103093,5.809648573218659,2.061855670103093,18.1,6539.49165186501,14116.740763765543,7577.2491119005335,0.5367562696447331,False,False,11326.05
D00134,2016,frontier_all_candidates_capacity_only,rf_variables_revisadas,30,3.0,0.5,62.46345470692718,124.92690941385436,25,fixed_training_mean,0.048107791790953695,82.0,21.0,51.0,44265.0,44419.0,103.0,0.6165413533834586,0.7961165048543689,0.6949152542372882,23.188275287602153,6236.040000000003,3494.636190053286,,130,51,96,87508,87785,181,0.5752212389380531,0.7182320441988951,0.6388206388206388,20.61855670103093,5.809648573218659,2.061855670103093,18.1,6539.49165186501,14116.740763765543,7577.2491119005335,0.5367562696447331,False,False,11326.05
D00135,2016,frontier_all_candidates_economic,rf_variables_revisadas,30,3.0,0.5,62.46345470692718,124.92690941385436,25,fixed_training_mean,0.048107791790953695,82.0,21.0,51.0,44265.0,44419.0,103.0,0.6165413533834586,0.7961165048543689,0.6949152542372882,23.188275287602153,6236.040000000003,3494.636190053286,,130,51,96,87508,87785,181,0.5752212389380531,0.7182320441988951,0.6388206388206388,20.61855670103093,5.809648573218659,2.061855670103093,18.1,6539.49165186501,14116.740763765543,7577.2491119005335,0.5367562696447331,False,False,11326.05
D00136,2016,frontier_same_model_capacity_only,rf_variables_revisadas,30,3.0,0.5,62.46345470692718,124.92690941385436,50,fixed_training_mean,0.017444595171504994,93.0,123.0,40.0,44163.0,44419.0,216.0,0.6992481203007519,0.4305555555555556,0.5329512893982808,48.6278394380783,4294.710000000005,3146.538188277087,,155,231,71,87328,87785,386,0.6858407079646017,0.4015544041450777,0.5065359477124183,43.971065671811814,26.314290596343337,4.397106567181182,38.6,5592.90528419183,14116.740763765543,8523.835479573714,0.6038104419578532,False,False,7045.389999999999
D00137,2016,frontier_same_model_economic,rf_variables_revisadas,30,3.0,0.5,62.46345470692718,124.92690941385436,50,fixed_training_mean,0.017444595171504994,93.0,123.0,40.0,44163.0,44419.0,216.0,0.6992481203007519,0.4305555555555556,0.5329512893982808,48.6278394380783,4294.710000000005,3146.538188277087,,155,231,71,87328,87785,386,0.6858407079646017,0.4015544041450777,0.5065359477124183,43.971065671811814,26.314290596343337,4.397106567181182,38.6,5592.90528419183,14116.740763765543,8523.835479573714,0.6038104419578532,False,False,7045.389999999999
D00138,2016,frontier_all_candidates_capacity_only,rf_variables_revisadas,30,3.0,0.5,62.46345470692718,124.92690941385436,50,fixed_training_mean,0.017444595171504994,93.0,123.0,40.0,44163.0,44419.0,216.0,0.6992481203007519,0.4305555555555556,0.5329512893982808,48.6278394380783,4294.710000000005,3146.538188277087,,155,231,71,87328,87785,386,0.6858407079646017,0.4015544041450777,0.5065359477124183,43.971065671811814,26.314290596343337,4.397106567181182,38.6,5592.90528419183,14116.740763765543,8523.835479573714,0.6038104419578532,False,False,7045.389999999999
D00139,2016,frontier_all_candidates_economic,rf_variables_revisadas,30,3.0,0.5,62.46345470692718,124.92690941385436,50,fixed_training_mean,0.017444595171504994,93.0,123.0,40.0,44163.0,44419.0,216.0,0.6992481203007519,0.4305555555555556,0.5329512893982808,48.6278394380783,4294.710000000005,3146.538188277087,,155,231,71,87328,87785,386,0.6858407079646017,0.4015544041450777,0.5065359477124183,43.971065671811814,26.314290596343337,4.397106567181182,38.6,5592.90528419183,14116.740763765543,8523.835479573714,0.6038104419578532,False,False,7045.389999999999
D00140,2016,frontier_same_model_capacity_only,rf_variables_revisadas,30,3.0,0.5,62.46345470692718,124.92690941385436,100,fixed_training_mean,0.01171670941011998,102.0,314.0,31.0,43972.0,44419.0,416.0,0.7669172932330827,0.24519230769230768,0.37158469945355194,93.65361669555821,2848.8300000000054,3184.3670959147425,,167,566,59,86993,87785,733,0.7389380530973452,0.22783083219645292,0.3482794577685089,83.49945890527995,64.47570769493649,8.349945890527996,73.3,5884.343827708703,14116.740763765543,8232.39693605684,0.5831655531415245,False,False,5431.6
D00141,2016,frontier_same_model_economic,rf_variables_revisadas,30,3.0,0.5,62.46345470692718,124.92690941385436,100,fixed_training_mean,0.01171670941011998,102.0,314.0,31.0,43972.0,44419.0,416.0,0.7669172932330827,0.24519230769230768,0.37158469945355194,93.65361669555821,2848.8300000000054,3184.3670959147425,,167,566,59,86993,87785,733,0.7389380530973452,0.22783083219645292,0.3482794577685089,83.49945890527995,64.47570769493649,8.349945890527996,73.3,5884.343827708703,14116.740763765543,8232.39693605684,0.5831655531415245,False,False,5431.6
D00142,2016,frontier_all_candidates_capacity_only,rf_variables_revisadas,30,3.0,0.5,62.46345470692718,124.92690941385436,100,fixed_training_mean,0.01171670941011998,102.0,314.0,31.0,43972.0,44419.0,416.0,0.7669172932330827,0.24519230769230768,0.37158469945355194,93.65361669555821,2848.8300000000054,3184.3670959147425,,167,566,59,86993,87785,733,0.7389380530973452,0.22783083219645292,0.3482794577685089,83.49945890527995,64.47570769493649,8.349945890527996,73.3,5884.343827708703,14116.740763765543,8232.39693605684,0.5831655531415245,False,False,5431.6
D00143,2016,frontier_all_candidates_economic,rf_variables_revisadas,30,3.0,0.5,62.46345470692718,124.92690941385436,100,fixed_training_mean,0.01171670941011998,102.0,314.0,31.0,43972.0,44419.0,416.0,0.7669172932330827,0.24519230769230768,0.37158469945355194,93.65361669555821,2848.8300000000054,3184.3670959147425,,167,566,59,86993,87785,733,0.7389380530973452,0.22783083219645292,0.3482794577685089,83.49945890527995,64.47570769493649,8.349945890527996,73.3,5884.343827708703,14116.740763765543,8232.39693605684,0.5831655531415245,False,False,5431.6
D00144,2016,frontier_same_model_capacity_only,rf_variables_revisadas,30,3.0,0.5,62.46345470692718,124.92690941385436,250,fixed_training_mean,0.008048879805686738,112.0,873.0,21.0,43413.0,44419.0,985.0,0.8421052631578947,0.11370558375634518,0.2003577817531306,221.75195299308854,1904.8600000000042,4266.732548845471,,182,1688,44,85871,87785,1870,0.8053097345132744,0.09732620320855614,0.1736641221374046,213.02044768468417,192.287976305747,21.302044768468416,187.0,8358.392007104796,14116.740763765543,5758.348756660747,0.40790922302980276,False,False,3470.6
D00145,2016,frontier_same_model_economic,rf_variables_revisadas,30,3.0,0.5,62.46345470692718,124.92690941385436,250,fixed_training_mean,0.008048879805686738,112.0,873.0,21.0,43413.0,44419.0,985.0,0.8421052631578947,0.11370558375634518,0.2003577817531306,221.75195299308854,1904.8600000000042,4266.732548845471,,182,1688,44,85871,87785,1870,0.8053097345132744,0.09732620320855614,0.1736641221374046,213.02044768468417,192.287976305747,21.302044768468416,187.0,8358.392007104796,14116.740763765543,5758.348756660747,0.40790922302980276,False,False,3470.6
D00146,2016,frontier_all_candidates_capacity_only,rf_variables_revisadas,30,3.0,0.5,62.46345470692718,124.92690941385436,250,fixed_training_mean,0.008048879805686738,112.0,873.0,21.0,43413.0,44419.0,985.0,0.8421052631578947,0.11370558375634518,0.2003577817531306,221.75195299308854,1904.8600000000042,4266.732548845471,,182,1688,44,85871,87785,1870,0.8053097345132744,0.09732620320855614,0.1736641221374046,213.02044768468417,192.287976305747,21.302044768468416,187.0,8358.392007104796,14116.740763765543,5758.348756660747,0.40790922302980276,False,False,3470.6
D00147,2016,frontier_all_candidates_economic,rf_variables_revisadas,30,3.0,0.5,62.46345470692718,124.92690941385436,250,fixed_training_mean,0.008048879805686738,112.0,873.0,21.0,43413.0,44419.0,985.0,0.8421052631578947,0.11370558375634518,0.2003577817531306,221.75195299308854,1904.8600000000042,4266.732548845471,,182,1688,44,85871,87785,1870,0.8053097345132744,0.09732620320855614,0.1736641221374046,213.02044768468417,192.287976305747,21.302044768468416,187.0,8358.392007104796,14116.740763765543,5758.348756660747,0.40790922302980276,False,False,3470.6
D00148,2016,variable_amount_sensitivity,rf_variables_revisadas,30,3.0,0.25,31.23172735346359,124.92690941385436,50,variable_positive_amount,0.025249642946088904,89.0,63.0,44.0,44223.0,44419.0,152.0,0.6691729323308271,0.5855263157894737,0.624561403508772,34.21959071568473,4713.670000000004,1634.417500000001,,146,130,80,87429,87785,276,0.6460176991150443,0.5289855072463768,0.5816733067729084,31.44045110212451,14.808908127812268,3.144045110212451,27.6,2891.2174999999997,7992.5975,5101.38,0.6382630928180733,False,False,8252.869999999999
D00149,2016,variable_amount_sensitivity,rf_variables_revisadas,30,3.0,0.5,62.46345470692718,124.92690941385436,50,variable_positive_amount,0.017444595171504994,93.0,123.0,40.0,44163.0,44419.0,216.0,0.6992481203007519,0.4305555555555556,0.5329512893982808,48.6278394380783,4294.710000000005,2795.3550000000023,,155,231,71,87328,87785,386,0.6858407079646017,0.4015544041450777,0.5065359477124183,43.971065671811814,26.314290596343337,4.397106567181182,38.6,4680.695,15985.195,11304.5,0.7071856176918705,False,False,7045.389999999999
D00150,2016,variable_amount_sensitivity,rf_variables_revisadas,30,3.0,1.0,124.92690941385436,124.92690941385436,50,variable_positive_amount,0.017444595171504994,93.0,123.0,40.0,44163.0,44419.0,216.0,0.6992481203007519,0.4305555555555556,0.5329512893982808,48.6278394380783,4294.710000000005,4942.710000000005,,155,231,71,87328,87785,386,0.6858407079646017,0.4015544041450777,0.5065359477124183,43.971065671811814,26.314290596343337,4.397106567181182,38.6,8203.39,31970.39,23767.0,0.7434066334505147,False,False,7045.389999999999
D00151,2019,cost_sensitivity,rf_variables_revisadas,15,1.5,0.25,32.17847869177403,128.71391476709613,10,fixed_training_mean,0.04583877685873359,9.0,21.0,60.0,44266.0,44356.0,30.0,0.13043478260869565,0.3,0.18181818181818182,6.76345928397511,4496.58,1975.7087215064419,False,4,37,119,73288,73448,41,0.032520325203252036,0.0975609756097561,0.04878048780487805,5.582180590349635,5.03757760592528,0.5582180590349635,4.1,3890.73896432111,3957.952879088206,67.21391476709596,0.016981989634646696,False,False,11323.84
D00152,2019,cost_sensitivity,rf_actualizado,15,1.5,0.25,32.17847869177403,128.71391476709613,25,fixed_training_mean,0.02046171411871807,14.0,93.0,55.0,44194.0,44356.0,107.0,0.2028985507246377,0.1308411214953271,0.1590909090909091,24.123004779511227,3780.2000000000003,1930.3163280475717,False,12,160,111,73165,73448,172,0.0975609756097561,0.06976744186046512,0.08135593220338982,23.41792833024725,21.784119376974186,2.341792833024725,17.2,3829.8111347869176,3957.952879088206,128.14174430128833,0.03237576298048509,False,False,10279.560000000001
D00153,2019,cost_sensitivity,rf_actualizado,15,1.5,0.25,32.17847869177403,128.71391476709613,50,fixed_training_mean,0.02046171411871807,14.0,93.0,55.0,44194.0,44356.0,107.0,0.2028985507246377,0.1308411214953271,0.1590909090909091,24.123004779511227,3780.2000000000003,1930.3163280475717,False,12,160,111,73165,73448,172,0.0975609756097561,0.06976744186046512,0.08135593220338982,23.41792833024725,21.784119376974186,2.341792833024725,17.2,3829.8111347869176,3957.952879088206,128.14174430128833,0.03237576298048509,False,False,10279.560000000001
D00154,2019,cost_sensitivity,rf_actualizado,15,1.5,0.25,32.17847869177403,128.71391476709613,100,fixed_training_mean,0.02046171411871807,14.0,93.0,55.0,44194.0,44356.0,107.0,0.2028985507246377,0.1308411214953271,0.1590909090909091,24.123004779511227,3780.2000000000003,1930.3163280475717,False,12,160,111,73165,73448,172,0.0975609756097561,0.06976744186046512,0.08135593220338982,23.41792833024725,21.784119376974186,2.341792833024725,17.2,3829.8111347869176,3957.952879088206,128.14174430128833,0.03237576298048509,False,False,10279.560000000001
D00155,2019,cost_sensitivity,rf_actualizado,15,1.5,0.25,32.17847869177403,128.71391476709613,250,fixed_training_mean,0.02046171411871807,14.0,93.0,55.0,44194.0,44356.0,107.0,0.2028985507246377,0.1308411214953271,0.1590909090909091,24.123004779511227,3780.2000000000003,1930.3163280475717,False,12,160,111,73165,73448,172,0.0975609756097561,0.06976744186046512,0.08135593220338982,23.41792833024725,21.784119376974186,2.341792833024725,17.2,3829.8111347869176,3957.952879088206,128.14174430128833,0.03237576298048509,False,False,10279.560000000001
D00156,2019,cost_sensitivity,rf_variables_revisadas,15,1.5,0.5,64.35695738354806,128.71391476709613,10,fixed_training_mean,0.04583877685873359,9.0,21.0,60.0,44266.0,44356.0,30.0,0.13043478260869565,0.3,0.18181818181818182,6.76345928397511,4496.58,3906.4174430128837,False,4,37,119,73288,73448,41,0.032520325203252036,0.0975609756097561,0.04878048780487805,5.582180590349635,5.03757760592528,0.5582180590349635,4.1,7719.97792864222,7915.905758176412,195.92782953419191,0.024751157418949343,False,False,11323.84
D00157,2019,cost_sensitivity,rf_actualizado,15,1.5,0.5,64.35695738354806,128.71391476709613,25,fixed_training_mean,0.02046171411871807,14.0,93.0,55.0,44194.0,44356.0,107.0,0.2028985507246377,0.1308411214953271,0.1590909090909091,24.123004779511227,3780.2000000000003,3700.1326560951434,False,12,160,111,73165,73448,172,0.0975609756097561,0.06976744186046512,0.08135593220338982,23.41792833024725,21.784119376974186,2.341792833024725,17.2,7401.622269573835,7915.905758176412,514.2834886025767,0.06496836929512059,False,False,10279.560000000001
D00158,2019,cost_sensitivity,rf_actualizado,15,1.5,0.5,64.35695738354806,128.71391476709613,50,fixed_training_mean,0.014357903872303419,17.0,202.0,52.0,44085.0,44356.0,219.0,0.2463768115942029,0.0776255707762557,0.11805555555555555,49.37325277301831,2651.4300000000003,3675.0617839444994,False,17,347,106,72978,73448,364,0.13821138211382114,0.046703296703296704,0.06981519507186858,49.55887158261627,47.24430889881277,4.9558871582616275,36.4,7367.837482656095,7915.905758176412,548.068275520317,0.06923633154098786,False,False,9895.880000000001
D00159,2019,cost_sensitivity,rf_actualizado,15,1.5,0.5,64.35695738354806,128.71391476709613,100,fixed_training_mean,0.014357903872303419,17.0,202.0,52.0,44085.0,44356.0,219.0,0.2463768115942029,0.0776255707762557,0.11805555555555555,49.37325277301831,2651.4300000000003,3675.0617839444994,False,17,347,106,72978,73448,364,0.13821138211382114,0.046703296703296704,0.06981519507186858,49.55887158261627,47.24430889881277,4.9558871582616275,36.4,7367.837482656095,7915.905758176412,548.068275520317,0.06923633154098786,False,False,9895.880000000001
D00160,2019,cost_sensitivity,rf_actualizado,15,1.5,0.5,64.35695738354806,128.71391476709613,250,fixed_training_mean,0.014357903872303419,17.0,202.0,52.0,44085.0,44356.0,219.0,0.2463768115942029,0.0776255707762557,0.11805555555555555,49.37325277301831,2651.4300000000003,3675.0617839444994,False,17,347,106,72978,73448,364,0.13821138211382114,0.046703296703296704,0.06981519507186858,49.55887158261627,47.24430889881277,4.9558871582616275,36.4,7367.837482656095,7915.905758176412,548.068275520317,0.06923633154098786,False,False,9895.880000000001
D00161,2019,cost_sensitivity,rf_variables_revisadas,15,1.5,1.0,128.71391476709613,128.71391476709613,10,fixed_training_mean,0.04583877685873359,9.0,21.0,60.0,44266.0,44356.0,30.0,0.13043478260869565,0.3,0.18181818181818182,6.76345928397511,4496.58,7767.834886025767,False,4,37,119,73288,73448,41,0.032520325203252036,0.0975609756097561,0.04878048780487805,5.582180590349635,5.03757760592528,0.5582180590349635,4.1,15378.45585728444,15831.811516352824,453.35565906838383,0.028635741311100665,False,False,11323.84
D00162,2019,cost_sensitivity,rf_actualizado,15,1.5,1.0,128.71391476709613,128.71391476709613,25,fixed_training_mean,0.02046171411871807,14.0,93.0,55.0,44194.0,44356.0,107.0,0.2028985507246377,0.1308411214953271,0.1590909090909091,24.123004779511227,3780.2000000000003,7239.765312190287,False,12,160,111,73165,73448,172,0.0975609756097561,0.06976744186046512,0.08135593220338982,23.41792833024725,21.784119376974186,2.341792833024725,17.2,14545.24453914767,15831.811516352824,1286.5669772051533,0.08126467245243833,False,False,10279.560000000001
D00163,2019,cost_sensitivity,rf_actualizado,15,1.5,1.0,128.71391476709613,128.71391476709613,50,fixed_training_mean,0.014357903872303419,17.0,202.0,52.0,44085.0,44356.0,219.0,0.2463768115942029,0.0776255707762557,0.11805555555555555,49.37325277301831,2651.4300000000003,7021.623567888999,False,17,347,106,72978,73448,364,0.13821138211382114,0.046703296703296704,0.06981519507186858,49.55887158261627,47.24430889881277,4.9558871582616275,36.4,14189.67496531219,15831.811516352824,1642.136551040634,0.1037238568274045,False,False,9895.880000000001
D00164,2019,cost_sensitivity,rf_actualizado,15,1.5,1.0,128.71391476709613,128.71391476709613,100,fixed_training_mean,0.014357903872303419,17.0,202.0,52.0,44085.0,44356.0,219.0,0.2463768115942029,0.0776255707762557,0.11805555555555555,49.37325277301831,2651.4300000000003,7021.623567888999,False,17,347,106,72978,73448,364,0.13821138211382114,0.046703296703296704,0.06981519507186858,49.55887158261627,47.24430889881277,4.9558871582616275,36.4,14189.67496531219,15831.811516352824,1642.136551040634,0.1037238568274045,False,False,9895.880000000001
D00165,2019,cost_sensitivity,rf_actualizado,15,1.5,1.0,128.71391476709613,128.71391476709613,250,fixed_training_mean,0.014357903872303419,17.0,202.0,52.0,44085.0,44356.0,219.0,0.2463768115942029,0.0776255707762557,0.11805555555555555,49.37325277301831,2651.4300000000003,7021.623567888999,False,17,347,106,72978,73448,364,0.13821138211382114,0.046703296703296704,0.06981519507186858,49.55887158261627,47.24430889881277,4.9558871582616275,36.4,14189.67496531219,15831.811516352824,1642.136551040634,0.1037238568274045,False,False,9895.880000000001
D00166,2019,cost_sensitivity,rf_variables_revisadas,30,3.0,0.25,32.17847869177403,128.71391476709613,10,fixed_training_mean,0.04583877685873359,9.0,21.0,60.0,44266.0,44356.0,30.0,0.13043478260869565,0.3,0.18181818181818182,6.76345928397511,4496.58,2020.7087215064419,False,4,37,119,73288,73448,41,0.032520325203252036,0.0975609756097561,0.04878048780487805,5.582180590349635,5.03757760592528,0.5582180590349635,4.1,3952.23896432111,3957.952879088206,5.713914767095957,0.0014436540660414008,False,False,11323.84
D00167,2019,cost_sensitivity,rf_variables_revisadas,30,3.0,0.25,32.17847869177403,128.71391476709613,25,fixed_training_mean,0.04583877685873359,9.0,21.0,60.0,44266.0,44356.0,30.0,0.13043478260869565,0.3,0.18181818181818182,6.76345928397511,4496.58,2020.7087215064419,False,4,37,119,73288,73448,41,0.032520325203252036,0.0975609756097561,0.04878048780487805,5.582180590349635,5.03757760592528,0.5582180590349635,4.1,3952.23896432111,3957.952879088206,5.713914767095957,0.0014436540660414008,False,False,11323.84
D00168,2019,cost_sensitivity,rf_variables_revisadas,30,3.0,0.25,32.17847869177403,128.71391476709613,50,fixed_training_mean,0.04583877685873359,9.0,21.0,60.0,44266.0,44356.0,30.0,0.13043478260869565,0.3,0.18181818181818182,6.76345928397511,4496.58,2020.7087215064419,False,4,37,119,73288,73448,41,0.032520325203252036,0.0975609756097561,0.04878048780487805,5.582180590349635,5.03757760592528,0.5582180590349635,4.1,3952.23896432111,3957.952879088206,5.713914767095957,0.0014436540660414008,False,False,11323.84
D00169,2019,cost_sensitivity,rf_variables_revisadas,30,3.0,0.25,32.17847869177403,128.71391476709613,100,fixed_training_mean,0.04583877685873359,9.0,21.0,60.0,44266.0,44356.0,30.0,0.13043478260869565,0.3,0.18181818181818182,6.76345928397511,4496.58,2020.7087215064419,False,4,37,119,73288,73448,41,0.032520325203252036,0.0975609756097561,0.04878048780487805,5.582180590349635,5.03757760592528,0.5582180590349635,4.1,3952.23896432111,3957.952879088206,5.713914767095957,0.0014436540660414008,False,False,11323.84
D00170,2019,cost_sensitivity,rf_variables_revisadas,30,3.0,0.25,32.17847869177403,128.71391476709613,250,fixed_training_mean,0.04583877685873359,9.0,21.0,60.0,44266.0,44356.0,30.0,0.13043478260869565,0.3,0.18181818181818182,6.76345928397511,4496.58,2020.7087215064419,False,4,37,119,73288,73448,41,0.032520325203252036,0.0975609756097561,0.04878048780487805,5.582180590349635,5.03757760592528,0.5582180590349635,4.1,3952.23896432111,3957.952879088206,5.713914767095957,0.0014436540660414008,False,False,11323.84
D00171,2019,cost_sensitivity,rf_variables_revisadas,30,3.0,0.5,64.35695738354806,128.71391476709613,10,fixed_training_mean,0.04583877685873359,9.0,21.0,60.0,44266.0,44356.0,30.0,0.13043478260869565,0.3,0.18181818181818182,6.76345928397511,4496.58,3951.4174430128837,False,4,37,119,73288,73448,41,0.032520325203252036,0.0975609756097561,0.04878048780487805,5.582180590349635,5.03757760592528,0.5582180590349635,4.1,7781.47792864222,7915.905758176412,134.42782953419191,0.016981989634646696,False,False,11323.84
D00172,2019,cost_sensitivity,rf_actualizado,30,3.0,0.5,64.35695738354806,128.71391476709613,25,fixed_training_mean,0.02046171411871807,14.0,93.0,55.0,44194.0,44356.0,107.0,0.2028985507246377,0.1308411214953271,0.1590909090909091,24.123004779511227,3780.2000000000003,3860.6326560951434,False,12,160,111,73165,73448,172,0.0975609756097561,0.06976744186046512,0.08135593220338982,23.41792833024725,21.784119376974186,2.341792833024725,17.2,7659.622269573835,7915.905758176412,256.28348860257665,0.03237576298048509,False,False,10279.560000000001
D00173,2019,cost_sensitivity,rf_actualizado,30,3.0,0.5,64.35695738354806,128.71391476709613,50,fixed_training_mean,0.02046171411871807,14.0,93.0,55.0,44194.0,44356.0,107.0,0.2028985507246377,0.1308411214953271,0.1590909090909091,24.123004779511227,3780.2000000000003,3860.6326560951434,True,12,160,111,73165,73448,172,0.0975609756097561,0.06976744186046512,0.08135593220338982,23.41792833024725,21.784119376974186,2.341792833024725,17.2,7659.622269573835,7915.905758176412,256.28348860257665,0.03237576298048509,False,False,10279.560000000001
D00174,2019,cost_sensitivity,rf_actualizado,30,3.0,0.5,64.35695738354806,128.71391476709613,100,fixed_training_mean,0.02046171411871807,14.0,93.0,55.0,44194.0,44356.0,107.0,0.2028985507246377,0.1308411214953271,0.1590909090909091,24.123004779511227,3780.2000000000003,3860.6326560951434,False,12,160,111,73165,73448,172,0.0975609756097561,0.06976744186046512,0.08135593220338982,23.41792833024725,21.784119376974186,2.341792833024725,17.2,7659.622269573835,7915.905758176412,256.28348860257665,0.03237576298048509,False,False,10279.560000000001
D00175,2019,cost_sensitivity,rf_actualizado,30,3.0,0.5,64.35695738354806,128.71391476709613,250,fixed_training_mean,0.02046171411871807,14.0,93.0,55.0,44194.0,44356.0,107.0,0.2028985507246377,0.1308411214953271,0.1590909090909091,24.123004779511227,3780.2000000000003,3860.6326560951434,False,12,160,111,73165,73448,172,0.0975609756097561,0.06976744186046512,0.08135593220338982,23.41792833024725,21.784119376974186,2.341792833024725,17.2,7659.622269573835,7915.905758176412,256.28348860257665,0.03237576298048509,False,False,10279.560000000001
D00176,2019,cost_sensitivity,rf_variables_revisadas,30,3.0,1.0,128.71391476709613,128.71391476709613,10,fixed_training_mean,0.04583877685873359,9.0,21.0,60.0,44266.0,44356.0,30.0,0.13043478260869565,0.3,0.18181818181818182,6.76345928397511,4496.58,7812.834886025767,False,4,37,119,73288,73448,41,0.032520325203252036,0.0975609756097561,0.04878048780487805,5.582180590349635,5.03757760592528,0.5582180590349635,4.1,15439.95585728444,15831.811516352824,391.85565906838383,0.024751157418949343,False,False,11323.84
D00177,2019,cost_sensitivity,rf_actualizado,30,3.0,1.0,128.71391476709613,128.71391476709613,25,fixed_training_mean,0.02046171411871807,14.0,93.0,55.0,44194.0,44356.0,107.0,0.2028985507246377,0.1308411214953271,0.1590909090909091,24.123004779511227,3780.2000000000003,7400.265312190287,False,12,160,111,73165,73448,172,0.0975609756097561,0.06976744186046512,0.08135593220338982,23.41792833024725,21.784119376974186,2.341792833024725,17.2,14803.24453914767,15831.811516352824,1028.5669772051533,0.06496836929512059,False,False,10279.560000000001
D00178,2019,cost_sensitivity,rf_actualizado,30,3.0,1.0,128.71391476709613,128.71391476709613,50,fixed_training_mean,0.014357903872303419,17.0,202.0,52.0,44085.0,44356.0,219.0,0.2463768115942029,0.0776255707762557,0.11805555555555555,49.37325277301831,2651.4300000000003,7350.123567888999,False,17,347,106,72978,73448,364,0.13821138211382114,0.046703296703296704,0.06981519507186858,49.55887158261627,47.24430889881277,4.9558871582616275,36.4,14735.67496531219,15831.811516352824,1096.136551040634,0.06923633154098786,False,False,9895.880000000001
D00179,2019,cost_sensitivity,rf_actualizado,30,3.0,1.0,128.71391476709613,128.71391476709613,100,fixed_training_mean,0.014357903872303419,17.0,202.0,52.0,44085.0,44356.0,219.0,0.2463768115942029,0.0776255707762557,0.11805555555555555,49.37325277301831,2651.4300000000003,7350.123567888999,False,17,347,106,72978,73448,364,0.13821138211382114,0.046703296703296704,0.06981519507186858,49.55887158261627,47.24430889881277,4.9558871582616275,36.4,14735.67496531219,15831.811516352824,1096.136551040634,0.06923633154098786,False,False,9895.880000000001
D00180,2019,cost_sensitivity,rf_actualizado,30,3.0,1.0,128.71391476709613,128.71391476709613,250,fixed_training_mean,0.014357903872303419,17.0,202.0,52.0,44085.0,44356.0,219.0,0.2463768115942029,0.0776255707762557,0.11805555555555555,49.37325277301831,2651.4300000000003,7350.123567888999,False,17,347,106,72978,73448,364,0.13821138211382114,0.046703296703296704,0.06981519507186858,49.55887158261627,47.24430889881277,4.9558871582616275,36.4,14735.67496531219,15831.811516352824,1096.136551040634,0.06923633154098786,False,False,9895.880000000001
D00181,2019,cost_sensitivity,rf_variables_revisadas,60,6.0,0.25,32.17847869177403,128.71391476709613,10,fixed_training_mean,0.05518371506744926,8.0,16.0,61.0,44271.0,44356.0,24.0,0.11594202898550725,0.3333333333333333,0.17204301075268819,5.4107674271800885,4517.83,2106.887200198216,False,3,27,120,73298,73448,30,0.024390243902439025,0.1,0.0392156862745098,4.08452238318266,3.676070144864394,0.408452238318266,3.0,4041.4174430128837,3957.952879088206,-83.4645639246778,-0.021087811420308154,False,True,11343.23
D00182,2019,cost_sensitivity,rf_variables_revisadas,60,6.0,0.25,32.17847869177403,128.71391476709613,25,fixed_training_mean,0.05518371506744926,8.0,16.0,61.0,44271.0,44356.0,24.0,0.11594202898550725,0.3333333333333333,0.17204301075268819,5.4107674271800885,4517.83,2106.887200198216,False,3,27,120,73298,73448,30,0.024390243902439025,0.1,0.0392156862745098,4.08452238318266,3.676070144864394,0.408452238318266,3.0,4041.4174430128837,3957.952879088206,-83.4645639246778,-0.021087811420308154,False,True,11343.23
D00183,2019,cost_sensitivity,rf_variables_revisadas,60,6.0,0.25,32.17847869177403,128.71391476709613,50,fixed_training_mean,0.05518371506744926,8.0,16.0,61.0,44271.0,44356.0,24.0,0.11594202898550725,0.3333333333333333,0.17204301075268819,5.4107674271800885,4517.83,2106.887200198216,False,3,27,120,73298,73448,30,0.024390243902439025,0.1,0.0392156862745098,4.08452238318266,3.676070144864394,0.408452238318266,3.0,4041.4174430128837,3957.952879088206,-83.4645639246778,-0.021087811420308154,False,True,11343.23
D00184,2019,cost_sensitivity,rf_variables_revisadas,60,6.0,0.25,32.17847869177403,128.71391476709613,100,fixed_training_mean,0.05518371506744926,8.0,16.0,61.0,44271.0,44356.0,24.0,0.11594202898550725,0.3333333333333333,0.17204301075268819,5.4107674271800885,4517.83,2106.887200198216,False,3,27,120,73298,73448,30,0.024390243902439025,0.1,0.0392156862745098,4.08452238318266,3.676070144864394,0.408452238318266,3.0,4041.4174430128837,3957.952879088206,-83.4645639246778,-0.021087811420308154,False,True,11343.23
D00185,2019,cost_sensitivity,rf_variables_revisadas,60,6.0,0.25,32.17847869177403,128.71391476709613,250,fixed_training_mean,0.05518371506744926,8.0,16.0,61.0,44271.0,44356.0,24.0,0.11594202898550725,0.3333333333333333,0.17204301075268819,5.4107674271800885,4517.83,2106.887200198216,False,3,27,120,73298,73448,30,0.024390243902439025,0.1,0.0392156862745098,4.08452238318266,3.676070144864394,0.408452238318266,3.0,4041.4174430128837,3957.952879088206,-83.4645639246778,-0.021087811420308154,False,True,11343.23
D00186,2019,cost_sensitivity,rf_variables_revisadas,60,6.0,0.5,64.35695738354806,128.71391476709613,10,fixed_training_mean,0.04583877685873359,9.0,21.0,60.0,44266.0,44356.0,30.0,0.13043478260869565,0.3,0.18181818181818182,6.76345928397511,4496.58,4041.4174430128837,False,4,37,119,73288,73448,41,0.032520325203252036,0.0975609756097561,0.04878048780487805,5.582180590349635,5.03757760592528,0.5582180590349635,4.1,7904.47792864222,7915.905758176412,11.427829534191915,0.0014436540660414008,False,False,11323.84
D00187,2019,cost_sensitivity,rf_variables_revisadas,60,6.0,0.5,64.35695738354806,128.71391476709613,25,fixed_training_mean,0.04583877685873359,9.0,21.0,60.0,44266.0,44356.0,30.0,0.13043478260869565,0.3,0.18181818181818182,6.76345928397511,4496.58,4041.4174430128837,False,4,37,119,73288,73448,41,0.032520325203252036,0.0975609756097561,0.04878048780487805,5.582180590349635,5.03757760592528,0.5582180590349635,4.1,7904.47792864222,7915.905758176412,11.427829534191915,0.0014436540660414008,False,False,11323.84
D00188,2019,cost_sensitivity,rf_variables_revisadas,60,6.0,0.5,64.35695738354806,128.71391476709613,50,fixed_training_mean,0.04583877685873359,9.0,21.0,60.0,44266.0,44356.0,30.0,0.13043478260869565,0.3,0.18181818181818182,6.76345928397511,4496.58,4041.4174430128837,False,4,37,119,73288,73448,41,0.032520325203252036,0.0975609756097561,0.04878048780487805,5.582180590349635,5.03757760592528,0.5582180590349635,4.1,7904.47792864222,7915.905758176412,11.427829534191915,0.0014436540660414008,False,False,11323.84
D00189,2019,cost_sensitivity,rf_variables_revisadas,60,6.0,0.5,64.35695738354806,128.71391476709613,100,fixed_training_mean,0.04583877685873359,9.0,21.0,60.0,44266.0,44356.0,30.0,0.13043478260869565,0.3,0.18181818181818182,6.76345928397511,4496.58,4041.4174430128837,False,4,37,119,73288,73448,41,0.032520325203252036,0.0975609756097561,0.04878048780487805,5.582180590349635,5.03757760592528,0.5582180590349635,4.1,7904.47792864222,7915.905758176412,11.427829534191915,0.0014436540660414008,False,False,11323.84
D00190,2019,cost_sensitivity,rf_variables_revisadas,60,6.0,0.5,64.35695738354806,128.71391476709613,250,fixed_training_mean,0.04583877685873359,9.0,21.0,60.0,44266.0,44356.0,30.0,0.13043478260869565,0.3,0.18181818181818182,6.76345928397511,4496.58,4041.4174430128837,False,4,37,119,73288,73448,41,0.032520325203252036,0.0975609756097561,0.04878048780487805,5.582180590349635,5.03757760592528,0.5582180590349635,4.1,7904.47792864222,7915.905758176412,11.427829534191915,0.0014436540660414008,False,False,11323.84
D00191,2019,cost_sensitivity,rf_variables_revisadas,60,6.0,1.0,128.71391476709613,128.71391476709613,10,fixed_training_mean,0.04583877685873359,9.0,21.0,60.0,44266.0,44356.0,30.0,0.13043478260869565,0.3,0.18181818181818182,6.76345928397511,4496.58,7902.834886025767,False,4,37,119,73288,73448,41,0.032520325203252036,0.0975609756097561,0.04878048780487805,5.582180590349635,5.03757760592528,0.5582180590349635,4.1,15562.95585728444,15831.811516352824,268.85565906838383,0.016981989634646696,False,False,11323.84
D00192,2019,cost_sensitivity,rf_actualizado,60,6.0,1.0,128.71391476709613,128.71391476709613,25,fixed_training_mean,0.02046171411871807,14.0,93.0,55.0,44194.0,44356.0,107.0,0.2028985507246377,0.1308411214953271,0.1590909090909091,24.123004779511227,3780.2000000000003,7721.265312190287,False,12,160,111,73165,73448,172,0.0975609756097561,0.06976744186046512,0.08135593220338982,23.41792833024725,21.784119376974186,2.341792833024725,17.2,15319.24453914767,15831.811516352824,512.5669772051533,0.03237576298048509,False,False,10279.560000000001
D00193,2019,cost_sensitivity,rf_actualizado,60,6.0,1.0,128.71391476709613,128.71391476709613,50,fixed_training_mean,0.02046171411871807,14.0,93.0,55.0,44194.0,44356.0,107.0,0.2028985507246377,0.1308411214953271,0.1590909090909091,24.123004779511227,3780.2000000000003,7721.265312190287,False,12,160,111,73165,73448,172,0.0975609756097561,0.06976744186046512,0.08135593220338982,23.41792833024725,21.784119376974186,2.341792833024725,17.2,15319.24453914767,15831.811516352824,512.5669772051533,0.03237576298048509,False,False,10279.560000000001
D00194,2019,cost_sensitivity,rf_actualizado,60,6.0,1.0,128.71391476709613,128.71391476709613,100,fixed_training_mean,0.02046171411871807,14.0,93.0,55.0,44194.0,44356.0,107.0,0.2028985507246377,0.1308411214953271,0.1590909090909091,24.123004779511227,3780.2000000000003,7721.265312190287,False,12,160,111,73165,73448,172,0.0975609756097561,0.06976744186046512,0.08135593220338982,23.41792833024725,21.784119376974186,2.341792833024725,17.2,15319.24453914767,15831.811516352824,512.5669772051533,0.03237576298048509,False,False,10279.560000000001
D00195,2019,cost_sensitivity,rf_actualizado,60,6.0,1.0,128.71391476709613,128.71391476709613,250,fixed_training_mean,0.02046171411871807,14.0,93.0,55.0,44194.0,44356.0,107.0,0.2028985507246377,0.1308411214953271,0.1590909090909091,24.123004779511227,3780.2000000000003,7721.265312190287,False,12,160,111,73165,73448,172,0.0975609756097561,0.06976744186046512,0.08135593220338982,23.41792833024725,21.784119376974186,2.341792833024725,17.2,15319.24453914767,15831.811516352824,512.5669772051533,0.03237576298048509,False,False,10279.560000000001
D00196,2019,base_min_cost_capacity,rf_actualizado,30,3.0,0.5,64.35695738354806,128.71391476709613,50,fixed_training_mean,0.02046171411871807,14.0,93.0,55.0,44194.0,44356.0,107.0,0.2028985507246377,0.1308411214953271,0.1590909090909091,24.123004779511227,3780.2000000000003,3860.6326560951434,,12,160,111,73165,73448,172,0.0975609756097561,0.06976744186046512,0.08135593220338982,23.41792833024725,21.784119376974186,2.341792833024725,17.2,7659.622269573835,7915.905758176412,256.28348860257665,0.03237576298048509,False,False,10279.560000000001
D00197,2019,base_min_cost_unconstrained,rf_actualizado,30,3.0,0.5,64.35695738354806,128.71391476709613,10000,fixed_training_mean,0.02046171411871807,14.0,93.0,55.0,44194.0,44356.0,107.0,0.2028985507246377,0.1308411214953271,0.1590909090909091,24.123004779511227,3780.2000000000003,3860.6326560951434,,12,160,111,73165,73448,172,0.0975609756097561,0.06976744186046512,0.08135593220338982,23.41792833024725,21.784119376974186,2.341792833024725,17.2,7659.622269573835,7915.905758176412,256.28348860257665,0.03237576298048509,False,False,10279.560000000001
D00198,2019,f1_pool_reference,rf_variables_revisadas,30,3.0,0.5,64.35695738354806,128.71391476709613,50,fixed_training_mean,0.04583877685873359,9.0,21.0,60.0,44266.0,44356.0,30.0,0.13043478260869565,0.3,0.18181818181818182,6.76345928397511,4496.58,3951.4174430128837,,4,37,119,73288,73448,41,0.032520325203252036,0.0975609756097561,0.04878048780487805,5.582180590349635,5.03757760592528,0.5582180590349635,4.1,7781.47792864222,7915.905758176412,134.42782953419191,0.016981989634646696,False,False,11323.84
D00199,2019,f1_same_model_reference,rf_actualizado,30,3.0,0.5,64.35695738354806,128.71391476709613,50,fixed_training_mean,0.02255511223091145,13.0,75.0,56.0,44212.0,44356.0,88.0,0.18840579710144928,0.14772727272727273,0.16560509554140126,19.83948056632699,3780.2000000000003,3867.9896134786914,,11,131,112,73194,73448,142,0.08943089430894309,0.07746478873239436,0.0830188679245283,19.33340594706459,17.835747739897613,1.933340594706459,14.2,7633.979226957383,7915.905758176412,281.92653121902913,0.03561519551035895,False,False,10368.86
D00200,2019,threshold_0_5_same_model,rf_actualizado,30,3.0,0.5,64.35695738354806,128.71391476709613,50,fixed_training_mean,0.5,0.0,0.0,69.0,44287.0,44356.0,0.0,0.0,0.0,0.0,0.0,5107.93,4440.630059464816,,0,0,123,73325,73448,0,0.0,0.0,0.0,0.0,0.0,0.0,0.0,7915.905758176412,7915.905758176412,0.0,0.0,False,False,11948.73
D00201,2019,no_alert_reference,rf_actualizado,30,3.0,0.5,64.35695738354806,128.71391476709613,50,fixed_training_mean,1.0000000000000002,0.0,0.0,69.0,44287.0,44356.0,0.0,0.0,0.0,0.0,0.0,5107.93,4440.630059464816,,0,0,123,73325,73448,0,0.0,0.0,0.0,0.0,0.0,0.0,0.0,7915.905758176412,7915.905758176412,0.0,0.0,False,False,11948.73
D00202,2019,all_alert_reference,rf_actualizado,30,3.0,0.5,64.35695738354806,128.71391476709613,50,fixed_training_mean,0.0,69.0,44287.0,0.0,0.0,44356.0,44356.0,1.0,0.0015555956353142755,0.0031063590320765336,10000.0,0.0,133068.0,,123,73325,0,0,73448,73448,1.0,0.0016746541771048905,0.0033437087983036796,10000.0,9983.253458228952,1000.0,7344.8,220344.0,7915.905758176412,-212428.0942418236,-26.83560172787614,True,True,0.0
D00203,2019,frontier_same_model_capacity_only,rf_actualizado,30,3.0,0.5,64.35695738354806,128.71391476709613,10,fixed_training_mean,0.032894580458510195,9.0,31.0,60.0,44256.0,44356.0,40.0,0.13043478260869565,0.225,0.1651376146788991,9.017945711966814,4483.52,3981.4174430128837,,10,65,113,73260,73448,75,0.08130081300813008,0.13333333333333333,0.10101010101010101,10.21130595795665,8.849798496895763,1.0211305957956651,7.5,7497.336184340931,7915.905758176412,418.5695738354807,0.052877028431413085,True,False,10447.68
D00204,2019,frontier_same_model_economic,rf_actualizado,30,3.0,0.5,64.35695738354806,128.71391476709613,10,fixed_training_mean,0.032894580458510195,9.0,31.0,60.0,44256.0,44356.0,40.0,0.13043478260869565,0.225,0.1651376146788991,9.017945711966814,4483.52,3981.4174430128837,,10,65,113,73260,73448,75,0.08130081300813008,0.13333333333333333,0.10101010101010101,10.21130595795665,8.849798496895763,1.0211305957956651,7.5,7497.336184340931,7915.905758176412,418.5695738354807,0.052877028431413085,True,False,10447.68
D00205,2019,frontier_all_candidates_capacity_only,rf_variables_revisadas,30,3.0,0.5,64.35695738354806,128.71391476709613,10,fixed_training_mean,0.04583877685873359,9.0,21.0,60.0,44266.0,44356.0,30.0,0.13043478260869565,0.3,0.18181818181818182,6.76345928397511,4496.58,3951.4174430128837,,4,37,119,73288,73448,41,0.032520325203252036,0.0975609756097561,0.04878048780487805,5.582180590349635,5.03757760592528,0.5582180590349635,4.1,7781.47792864222,7915.905758176412,134.42782953419191,0.016981989634646696,False,False,11323.84
D00206,2019,frontier_all_candidates_economic,rf_variables_revisadas,30,3.0,0.5,64.35695738354806,128.71391476709613,10,fixed_training_mean,0.04583877685873359,9.0,21.0,60.0,44266.0,44356.0,30.0,0.13043478260869565,0.3,0.18181818181818182,6.76345928397511,4496.58,3951.4174430128837,,4,37,119,73288,73448,41,0.032520325203252036,0.0975609756097561,0.04878048780487805,5.582180590349635,5.03757760592528,0.5582180590349635,4.1,7781.47792864222,7915.905758176412,134.42782953419191,0.016981989634646696,False,False,11323.84
D00207,2019,frontier_same_model_capacity_only,rf_actualizado,30,3.0,0.5,64.35695738354806,128.71391476709613,25,fixed_training_mean,0.02046171411871807,14.0,93.0,55.0,44194.0,44356.0,107.0,0.2028985507246377,0.1308411214953271,0.1590909090909091,24.123004779511227,3780.2000000000003,3860.6326560951434,,12,160,111,73165,73448,172,0.0975609756097561,0.06976744186046512,0.08135593220338982,23.41792833024725,21.784119376974186,2.341792833024725,17.2,7659.622269573835,7915.905758176412,256.28348860257665,0.03237576298048509,False,False,10279.560000000001
D00208,2019,frontier_same_model_economic,rf_actualizado,30,3.0,0.5,64.35695738354806,128.71391476709613,25,fixed_training_mean,0.02046171411871807,14.0,93.0,55.0,44194.0,44356.0,107.0,0.2028985507246377,0.1308411214953271,0.1590909090909091,24.123004779511227,3780.2000000000003,3860.6326560951434,,12,160,111,73165,73448,172,0.0975609756097561,0.06976744186046512,0.08135593220338982,23.41792833024725,21.784119376974186,2.341792833024725,17.2,7659.622269573835,7915.905758176412,256.28348860257665,0.03237576298048509,False,False,10279.560000000001
D00209,2019,frontier_all_candidates_capacity_only,rf_actualizado,30,3.0,0.5,64.35695738354806,128.71391476709613,25,fixed_training_mean,0.02046171411871807,14.0,93.0,55.0,44194.0,44356.0,107.0,0.2028985507246377,0.1308411214953271,0.1590909090909091,24.123004779511227,3780.2000000000003,3860.6326560951434,,12,160,111,73165,73448,172,0.0975609756097561,0.06976744186046512,0.08135593220338982,23.41792833024725,21.784119376974186,2.341792833024725,17.2,7659.622269573835,7915.905758176412,256.28348860257665,0.03237576298048509,False,False,10279.560000000001
D00210,2019,frontier_all_candidates_economic,rf_actualizado,30,3.0,0.5,64.35695738354806,128.71391476709613,25,fixed_training_mean,0.02046171411871807,14.0,93.0,55.0,44194.0,44356.0,107.0,0.2028985507246377,0.1308411214953271,0.1590909090909091,24.123004779511227,3780.2000000000003,3860.6326560951434,,12,160,111,73165,73448,172,0.0975609756097561,0.06976744186046512,0.08135593220338982,23.41792833024725,21.784119376974186,2.341792833024725,17.2,7659.622269573835,7915.905758176412,256.28348860257665,0.03237576298048509,False,False,10279.560000000001
D00211,2019,frontier_same_model_capacity_only,rf_actualizado,30,3.0,0.5,64.35695738354806,128.71391476709613,50,fixed_training_mean,0.014357903872303419,17.0,202.0,52.0,44085.0,44356.0,219.0,0.2463768115942029,0.0776255707762557,0.11805555555555555,49.37325277301831,2651.4300000000003,4003.5617839444994,,17,347,106,72978,73448,364,0.13821138211382114,0.046703296703296704,0.06981519507186858,49.55887158261627,47.24430889881277,4.9558871582616275,36.4,7913.837482656095,7915.905758176412,2.068275520317002,0.0002612809681546121,False,False,9895.880000000001
D00212,2019,frontier_same_model_economic,rf_actualizado,30,3.0,0.5,64.35695738354806,128.71391476709613,50,fixed_training_mean,0.014357903872303419,17.0,202.0,52.0,44085.0,44356.0,219.0,0.2463768115942029,0.0776255707762557,0.11805555555555555,49.37325277301831,2651.4300000000003,4003.5617839444994,,17,347,106,72978,73448,364,0.13821138211382114,0.046703296703296704,0.06981519507186858,49.55887158261627,47.24430889881277,4.9558871582616275,36.4,7913.837482656095,7915.905758176412,2.068275520317002,0.0002612809681546121,False,False,9895.880000000001
D00213,2019,frontier_all_candidates_capacity_only,rf_actualizado,30,3.0,0.5,64.35695738354806,128.71391476709613,50,fixed_training_mean,0.014357903872303419,17.0,202.0,52.0,44085.0,44356.0,219.0,0.2463768115942029,0.0776255707762557,0.11805555555555555,49.37325277301831,2651.4300000000003,4003.5617839444994,,17,347,106,72978,73448,364,0.13821138211382114,0.046703296703296704,0.06981519507186858,49.55887158261627,47.24430889881277,4.9558871582616275,36.4,7913.837482656095,7915.905758176412,2.068275520317002,0.0002612809681546121,False,False,9895.880000000001
D00214,2019,frontier_all_candidates_economic,rf_actualizado,30,3.0,0.5,64.35695738354806,128.71391476709613,50,fixed_training_mean,0.014357903872303419,17.0,202.0,52.0,44085.0,44356.0,219.0,0.2463768115942029,0.0776255707762557,0.11805555555555555,49.37325277301831,2651.4300000000003,4003.5617839444994,,17,347,106,72978,73448,364,0.13821138211382114,0.046703296703296704,0.06981519507186858,49.55887158261627,47.24430889881277,4.9558871582616275,36.4,7913.837482656095,7915.905758176412,2.068275520317002,0.0002612809681546121,False,False,9895.880000000001
D00215,2019,frontier_same_model_capacity_only,rf_actualizado,30,3.0,0.5,64.35695738354806,128.71391476709613,100,fixed_training_mean,0.010705705546586118,18.0,398.0,51.0,43889.0,44356.0,416.0,0.2608695652173913,0.04326923076923077,0.07422680412371134,93.78663540445487,2644.2000000000003,4530.204826560952,,21,682,102,72643,73448,703,0.17073170731707318,0.029871977240398292,0.05084745762711865,95.71397451258034,92.85480884435246,9.571397451258035,70.3,8673.409653121904,7915.905758176412,-757.503894945492,-0.09569390011535436,False,True,9099.810000000001
D00216,2019,frontier_same_model_economic,rf_actualizado,30,3.0,0.5,64.35695738354806,128.71391476709613,100,fixed_training_mean,0.014357903872303419,17.0,202.0,52.0,44085.0,44356.0,219.0,0.2463768115942029,0.0776255707762557,0.11805555555555555,49.37325277301831,2651.4300000000003,4003.5617839444994,,17,347,106,72978,73448,364,0.13821138211382114,0.046703296703296704,0.06981519507186858,49.55887158261627,47.24430889881277,4.9558871582616275,36.4,7913.837482656095,7915.905758176412,2.068275520317002,0.0002612809681546121,False,False,9895.880000000001
D00217,2019,frontier_all_candidates_capacity_only,rf_actualizado,30,3.0,0.5,64.35695738354806,128.71391476709613,100,fixed_training_mean,0.010705705546586118,18.0,398.0,51.0,43889.0,44356.0,416.0,0.2608695652173913,0.04326923076923077,0.07422680412371134,93.78663540445487,2644.2000000000003,4530.204826560952,,21,682,102,72643,73448,703,0.17073170731707318,0.029871977240398292,0.05084745762711865,95.71397451258034,92.85480884435246,9.571397451258035,70.3,8673.409653121904,7915.905758176412,-757.503894945492,-0.09569390011535436,False,True,9099.810000000001
D00218,2019,frontier_all_candidates_economic,rf_actualizado,30,3.0,0.5,64.35695738354806,128.71391476709613,100,fixed_training_mean,0.014357903872303419,17.0,202.0,52.0,44085.0,44356.0,219.0,0.2463768115942029,0.0776255707762557,0.11805555555555555,49.37325277301831,2651.4300000000003,4003.5617839444994,,17,347,106,72978,73448,364,0.13821138211382114,0.046703296703296704,0.06981519507186858,49.55887158261627,47.24430889881277,4.9558871582616275,36.4,7913.837482656095,7915.905758176412,2.068275520317002,0.0002612809681546121,False,False,9895.880000000001
D00219,2019,frontier_same_model_capacity_only,rf_actualizado,30,3.0,0.5,64.35695738354806,128.71391476709613,250,fixed_training_mean,0.007347273473527625,21.0,932.0,48.0,43355.0,44356.0,953.0,0.30434782608695654,0.022035676810073453,0.0410958904109589,214.85255658760934,2507.2200000000003,5948.133954410307,,28,1599,95,71726,73448,1627,0.22764227642276422,0.017209588199139522,0.032,221.51726391460625,217.70504302363577,22.151726391460624,162.7,10994.910951437065,7915.905758176412,-3079.005193260653,-0.38896435699481646,False,True,8069.89
D00220,2019,frontier_same_model_economic,rf_actualizado,30,3.0,0.5,64.35695738354806,128.71391476709613,250,fixed_training_mean,0.014357903872303419,17.0,202.0,52.0,44085.0,44356.0,219.0,0.2463768115942029,0.0776255707762557,0.11805555555555555,49.37325277301831,2651.4300000000003,4003.5617839444994,,17,347,106,72978,73448,364,0.13821138211382114,0.046703296703296704,0.06981519507186858,49.55887158261627,47.24430889881277,4.9558871582616275,36.4,7913.837482656095,7915.905758176412,2.068275520317002,0.0002612809681546121,False,False,9895.880000000001
D00221,2019,frontier_all_candidates_capacity_only,rf_actualizado,30,3.0,0.5,64.35695738354806,128.71391476709613,250,fixed_training_mean,0.007347273473527625,21.0,932.0,48.0,43355.0,44356.0,953.0,0.30434782608695654,0.022035676810073453,0.0410958904109589,214.85255658760934,2507.2200000000003,5948.133954410307,,28,1599,95,71726,73448,1627,0.22764227642276422,0.017209588199139522,0.032,221.51726391460625,217.70504302363577,22.151726391460624,162.7,10994.910951437065,7915.905758176412,-3079.005193260653,-0.38896435699481646,False,True,8069.89
D00222,2019,frontier_all_candidates_economic,rf_actualizado,30,3.0,0.5,64.35695738354806,128.71391476709613,250,fixed_training_mean,0.014357903872303419,17.0,202.0,52.0,44085.0,44356.0,219.0,0.2463768115942029,0.0776255707762557,0.11805555555555555,49.37325277301831,2651.4300000000003,4003.5617839444994,,17,347,106,72978,73448,364,0.13821138211382114,0.046703296703296704,0.06981519507186858,49.55887158261627,47.24430889881277,4.9558871582616275,36.4,7913.837482656095,7915.905758176412,2.068275520317002,0.0002612809681546121,False,False,9895.880000000001
D00223,2019,variable_amount_sensitivity,rf_reciente_profundo,30,3.0,0.25,32.17847869177403,128.71391476709613,50,variable_positive_amount,0.045,14.0,128.0,55.0,44159.0,44356.0,142.0,0.2028985507246377,0.09859154929577464,0.13270142180094788,32.01370727748219,2926.6900000000005,1157.6725000000001,,7,217,116,73108,73448,224,0.056910569105691054,0.03125,0.040345821325648415,30.49776712776386,29.544711905021238,3.049776712776386,22.4,3302.2125,2987.1825,-315.0300000000002,-0.10546058032945768,False,True,10520.85
D00224,2019,variable_amount_sensitivity,rf_reciente_profundo,30,3.0,0.5,64.35695738354806,128.71391476709613,50,variable_positive_amount,0.045,14.0,128.0,55.0,44159.0,44356.0,142.0,0.2028985507246377,0.09859154929577464,0.13270142180094788,32.01370727748219,2926.6900000000005,1889.3450000000003,,7,217,116,73108,73448,224,0.056910569105691054,0.03125,0.040345821325648415,30.49776712776386,29.544711905021238,3.049776712776386,22.4,5932.425,5974.365,41.9399999999996,0.007019992919749564,False,False,10520.85
D00225,2019,variable_amount_sensitivity,rf_actualizado,30,3.0,1.0,128.71391476709613,128.71391476709613,50,variable_positive_amount,0.014357903872303419,17.0,202.0,52.0,44085.0,44356.0,219.0,0.2463768115942029,0.0776255707762557,0.11805555555555555,49.37325277301831,2651.4300000000003,3308.4300000000003,,17,347,106,72978,73448,364,0.13821138211382114,0.046703296703296704,0.06981519507186858,49.55887158261627,47.24430889881277,4.9558871582616275,36.4,10987.880000000001,11948.73,960.8499999999985,0.08041440387388439,False,False,9895.880000000001
