evaluation_year,candidate,round,policy,cost_fn,threshold,tp,fp,fn,tn,rows,precision,recall,f1,alerts,alerts_per_10000,fp_per_10000,cost,average_precision,roc_auc
2015,r1_sin_balanceo,R1_rethresholded_common_validation,costo,5,0.16446725095584097,82,7748,108,80132,88070,0.010472541507024266,0.43157894736842106,0.020448877805486283,7830,889.0655160667651,879.7547405472919,8288,0.3758950793807244,0.8022092326857198
2015,r1_sin_balanceo,R1_rethresholded_common_validation,f1_validacion,5,0.16446725095584097,82,7748,108,80132,88070,0.010472541507024266,0.43157894736842106,0.020448877805486283,7830,889.0655160667651,879.7547405472919,8288,0.3758950793807244,0.8022092326857198
2015,r1_sin_balanceo,R1_rethresholded_common_validation,referencia_007217143,5,0.07217143,102,17196,88,70684,88070,0.005896635449184877,0.5368421052631579,0.011665141811527904,17298,1964.1194504371522,1952.537754059271,17636,0.3758950793807244,0.8022092326857198
2015,r1_sin_balanceo,R1_rethresholded_common_validation,costo,10,0.04657407529033146,111,20848,79,67032,88070,0.005296054201059211,0.5842105263157895,0.01049695021041184,20959,2379.811513568752,2367.2079028045873,21638,0.3758950793807244,0.8022092326857198
2015,r1_sin_balanceo,R1_rethresholded_common_validation,f1_validacion,10,0.16446725095584097,82,7748,108,80132,88070,0.010472541507024266,0.43157894736842106,0.020448877805486283,7830,889.0655160667651,879.7547405472919,8828,0.3758950793807244,0.8022092326857198
2015,r1_sin_balanceo,R1_rethresholded_common_validation,referencia_007217143,10,0.07217143,102,17196,88,70684,88070,0.005896635449184877,0.5368421052631579,0.011665141811527904,17298,1964.1194504371522,1952.537754059271,18076,0.3758950793807244,0.8022092326857198
2015,r1_sin_balanceo,R1_rethresholded_common_validation,costo,25,0.04657407529033146,111,20848,79,67032,88070,0.005296054201059211,0.5842105263157895,0.01049695021041184,20959,2379.811513568752,2367.2079028045873,22823,0.3758950793807244,0.8022092326857198
2015,r1_sin_balanceo,R1_rethresholded_common_validation,f1_validacion,25,0.16446725095584097,82,7748,108,80132,88070,0.010472541507024266,0.43157894736842106,0.020448877805486283,7830,889.0655160667651,879.7547405472919,10448,0.3758950793807244,0.8022092326857198
2015,r1_sin_balanceo,R1_rethresholded_common_validation,referencia_007217143,25,0.07217143,102,17196,88,70684,88070,0.005896635449184877,0.5368421052631579,0.011665141811527904,17298,1964.1194504371522,1952.537754059271,19396,0.3758950793807244,0.8022092326857198
2015,r1_sin_balanceo,R1_rethresholded_common_validation,costo,50,0.03486747089269901,118,22432,72,65448,88070,0.005232815964523282,0.6210526315789474,0.010378188214599824,22550,2560.463267855115,2547.0648347905076,26032,0.3758950793807244,0.8022092326857198
2015,r1_sin_balanceo,R1_rethresholded_common_validation,f1_validacion,50,0.16446725095584097,82,7748,108,80132,88070,0.010472541507024266,0.43157894736842106,0.020448877805486283,7830,889.0655160667651,879.7547405472919,13148,0.3758950793807244,0.8022092326857198
2015,r1_sin_balanceo,R1_rethresholded_common_validation,referencia_007217143,50,0.07217143,102,17196,88,70684,88070,0.005896635449184877,0.5368421052631579,0.011665141811527904,17298,1964.1194504371522,1952.537754059271,21596,0.3758950793807244,0.8022092326857198
2015,r1_sin_balanceo,R1_rethresholded_common_validation,costo,100,0.016519726771066157,126,24658,64,63222,88070,0.005083925112976113,0.6631578947368421,0.010090494113878433,24784,2814.1251277392985,2799.818326331327,31058,0.3758950793807244,0.8022092326857198
2015,r1_sin_balanceo,R1_rethresholded_common_validation,f1_validacion,100,0.16446725095584097,82,7748,108,80132,88070,0.010472541507024266,0.43157894736842106,0.020448877805486283,7830,889.0655160667651,879.7547405472919,18548,0.3758950793807244,0.8022092326857198
2015,r1_sin_balanceo,R1_rethresholded_common_validation,referencia_007217143,100,0.07217143,102,17196,88,70684,88070,0.005896635449184877,0.5368421052631579,0.011665141811527904,17298,1964.1194504371522,1952.537754059271,25996,0.3758950793807244,0.8022092326857198
2015,r1_submuestreo,R1_rethresholded_common_validation,costo,5,0.7609461698786175,14,11,176,87869,88070,0.56,0.07368421052631578,0.13023255813953488,25,2.8386510730101056,1.2490064721244465,891,0.22737454612535676,0.9064959993292289
2015,r1_submuestreo,R1_rethresholded_common_validation,f1_validacion,5,0.7609461698786175,14,11,176,87869,88070,0.56,0.07368421052631578,0.13023255813953488,25,2.8386510730101056,1.2490064721244465,891,0.22737454612535676,0.9064959993292289
2015,r1_submuestreo,R1_rethresholded_common_validation,referencia_007217143,5,0.07217143,177,73291,13,14589,88070,0.0024092121740077314,0.9315789473684211,0.0048059952754622715,73468,8342.000681276257,8321.903031679345,73356,0.22737454612535676,0.9064959993292289
2015,r1_submuestreo,R1_rethresholded_common_validation,costo,10,0.7609461698786175,14,11,176,87869,88070,0.56,0.07368421052631578,0.13023255813953488,25,2.8386510730101056,1.2490064721244465,1771,0.22737454612535676,0.9064959993292289
2015,r1_submuestreo,R1_rethresholded_common_validation,f1_validacion,10,0.7609461698786175,14,11,176,87869,88070,0.56,0.07368421052631578,0.13023255813953488,25,2.8386510730101056,1.2490064721244465,1771,0.22737454612535676,0.9064959993292289
2015,r1_submuestreo,R1_rethresholded_common_validation,referencia_007217143,10,0.07217143,177,73291,13,14589,88070,0.0024092121740077314,0.9315789473684211,0.0048059952754622715,73468,8342.000681276257,8321.903031679345,73421,0.22737454612535676,0.9064959993292289
2015,r1_submuestreo,R1_rethresholded_common_validation,costo,25,0.6227897826602833,73,247,117,87633,88070,0.228125,0.38421052631578945,0.28627450980392155,320,36.33473373452935,28.045872601339845,3172,0.22737454612535676,0.9064959993292289
2015,r1_submuestreo,R1_rethresholded_common_validation,f1_validacion,25,0.7609461698786175,14,11,176,87869,88070,0.56,0.07368421052631578,0.13023255813953488,25,2.8386510730101056,1.2490064721244465,4411,0.22737454612535676,0.9064959993292289
2015,r1_submuestreo,R1_rethresholded_common_validation,referencia_007217143,25,0.07217143,177,73291,13,14589,88070,0.0024092121740077314,0.9315789473684211,0.0048059952754622715,73468,8342.000681276257,8321.903031679345,73616,0.22737454612535676,0.9064959993292289
2015,r1_submuestreo,R1_rethresholded_common_validation,costo,50,0.6227897826602833,73,247,117,87633,88070,0.228125,0.38421052631578945,0.28627450980392155,320,36.33473373452935,28.045872601339845,6097,0.22737454612535676,0.9064959993292289
2015,r1_submuestreo,R1_rethresholded_common_validation,f1_validacion,50,0.7609461698786175,14,11,176,87869,88070,0.56,0.07368421052631578,0.13023255813953488,25,2.8386510730101056,1.2490064721244465,8811,0.22737454612535676,0.9064959993292289
2015,r1_submuestreo,R1_rethresholded_common_validation,referencia_007217143,50,0.07217143,177,73291,13,14589,88070,0.0024092121740077314,0.9315789473684211,0.0048059952754622715,73468,8342.000681276257,8321.903031679345,73941,0.22737454612535676,0.9064959993292289
2015,r1_submuestreo,R1_rethresholded_common_validation,costo,100,0.4045232249940877,139,3212,51,84668,88070,0.04148015517755894,0.7315789473684211,0.0785088957921491,3351,380.49278982627453,364.70988986033836,8312,0.22737454612535676,0.9064959993292289
2015,r1_submuestreo,R1_rethresholded_common_validation,f1_validacion,100,0.7609461698786175,14,11,176,87869,88070,0.56,0.07368421052631578,0.13023255813953488,25,2.8386510730101056,1.2490064721244465,17611,0.22737454612535676,0.9064959993292289
2015,r1_submuestreo,R1_rethresholded_common_validation,referencia_007217143,100,0.07217143,177,73291,13,14589,88070,0.0024092121740077314,0.9315789473684211,0.0048059952754622715,73468,8342.000681276257,8321.903031679345,74591,0.22737454612535676,0.9064959993292289
2015,r1_smotenc,R1_rethresholded_common_validation,costo,5,0.724887642176321,14,14,176,87866,88070,0.5,0.07368421052631578,0.12844036697247707,28,3.179289201771318,1.589644600885659,894,0.2103776303506985,0.8862914141293151
2015,r1_smotenc,R1_rethresholded_common_validation,f1_validacion,5,0.5768130043177482,56,153,134,87727,88070,0.2679425837320574,0.29473684210526313,0.2807017543859649,209,23.73112297036448,17.372544566821848,823,0.2103776303506985,0.8862914141293151
2015,r1_smotenc,R1_rethresholded_common_validation,referencia_007217143,5,0.07217143,175,69529,15,18351,88070,0.0025106163204407206,0.9210526315789473,0.005007582911265631,69704,7914.613375723856,7894.742818212785,69604,0.2103776303506985,0.8862914141293151
2015,r1_smotenc,R1_rethresholded_common_validation,costo,10,0.724887642176321,14,14,176,87866,88070,0.5,0.07368421052631578,0.12844036697247707,28,3.179289201771318,1.589644600885659,1774,0.2103776303506985,0.8862914141293151
2015,r1_smotenc,R1_rethresholded_common_validation,f1_validacion,10,0.5768130043177482,56,153,134,87727,88070,0.2679425837320574,0.29473684210526313,0.2807017543859649,209,23.73112297036448,17.372544566821848,1493,0.2103776303506985,0.8862914141293151
2015,r1_smotenc,R1_rethresholded_common_validation,referencia_007217143,10,0.07217143,175,69529,15,18351,88070,0.0025106163204407206,0.9210526315789473,0.005007582911265631,69704,7914.613375723856,7894.742818212785,69679,0.2103776303506985,0.8862914141293151
2015,r1_smotenc,R1_rethresholded_common_validation,costo,25,0.4891252344088401,87,364,103,87516,88070,0.19290465631929046,0.45789473684210524,0.2714508580343214,451,51.2092653571023,41.330759623027134,2939,0.2103776303506985,0.8862914141293151
2015,r1_smotenc,R1_rethresholded_common_validation,f1_validacion,25,0.5768130043177482,56,153,134,87727,88070,0.2679425837320574,0.29473684210526313,0.2807017543859649,209,23.73112297036448,17.372544566821848,3503,0.2103776303506985,0.8862914141293151
2015,r1_smotenc,R1_rethresholded_common_validation,referencia_007217143,25,0.07217143,175,69529,15,18351,88070,0.0025106163204407206,0.9210526315789473,0.005007582911265631,69704,7914.613375723856,7894.742818212785,69904,0.2103776303506985,0.8862914141293151
2015,r1_smotenc,R1_rethresholded_common_validation,costo,50,0.45323293308445506,102,511,88,87369,88070,0.16639477977161501,0.5368421052631579,0.25404732254047324,613,69.6037243102078,58.02202793232656,4911,0.2103776303506985,0.8862914141293151
2015,r1_smotenc,R1_rethresholded_common_validation,f1_validacion,50,0.5768130043177482,56,153,134,87727,88070,0.2679425837320574,0.29473684210526313,0.2807017543859649,209,23.73112297036448,17.372544566821848,6853,0.2103776303506985,0.8862914141293151
2015,r1_smotenc,R1_rethresholded_common_validation,referencia_007217143,50,0.07217143,175,69529,15,18351,88070,0.0025106163204407206,0.9210526315789473,0.005007582911265631,69704,7914.613375723856,7894.742818212785,70279,0.2103776303506985,0.8862914141293151
2015,r1_smotenc,R1_rethresholded_common_validation,costo,100,0.3854012022840137,123,944,67,86936,88070,0.11527647610121837,0.6473684210526316,0.1957040572792363,1067,121.1536277960713,107.18746451686158,7644,0.2103776303506985,0.8862914141293151
2015,r1_smotenc,R1_rethresholded_common_validation,f1_validacion,100,0.5768130043177482,56,153,134,87727,88070,0.2679425837320574,0.29473684210526313,0.2807017543859649,209,23.73112297036448,17.372544566821848,13553,0.2103776303506985,0.8862914141293151
2015,r1_smotenc,R1_rethresholded_common_validation,referencia_007217143,100,0.07217143,175,69529,15,18351,88070,0.0025106163204407206,0.9210526315789473,0.005007582911265631,69704,7914.613375723856,7894.742818212785,71029,0.2103776303506985,0.8862914141293151
2015,r1_pesos_clase,R1_rethresholded_common_validation,costo,5,0.8187729943545314,20,7,170,87873,88070,0.7407407407407407,0.10526315789473684,0.18433179723502305,27,3.065743158850914,0.7948223004428295,857,0.27094713137740284,0.9068417459214718
2015,r1_pesos_clase,R1_rethresholded_common_validation,f1_validacion,5,0.7159845724600464,52,102,138,87778,88070,0.33766233766233766,0.2736842105263158,0.3023255813953488,154,17.486090609742252,11.581696377881231,792,0.27094713137740284,0.9068417459214718
2015,r1_pesos_clase,R1_rethresholded_common_validation,referencia_007217143,5,0.07217143,175,73310,15,14570,88070,0.0023814383887868274,0.9210526315789473,0.004750593824228029,73485,8343.930964005904,8324.060406494833,73385,0.27094713137740284,0.9068417459214718
2015,r1_pesos_clase,R1_rethresholded_common_validation,costo,10,0.7159845724600464,52,102,138,87778,88070,0.33766233766233766,0.2736842105263158,0.3023255813953488,154,17.486090609742252,11.581696377881231,1482,0.27094713137740284,0.9068417459214718
2015,r1_pesos_clase,R1_rethresholded_common_validation,f1_validacion,10,0.7159845724600464,52,102,138,87778,88070,0.33766233766233766,0.2736842105263158,0.3023255813953488,154,17.486090609742252,11.581696377881231,1482,0.27094713137740284,0.9068417459214718
2015,r1_pesos_clase,R1_rethresholded_common_validation,referencia_007217143,10,0.07217143,175,73310,15,14570,88070,0.0023814383887868274,0.9210526315789473,0.004750593824228029,73485,8343.930964005904,8324.060406494833,73460,0.27094713137740284,0.9068417459214718
2015,r1_pesos_clase,R1_rethresholded_common_validation,costo,25,0.5580218253084854,115,561,75,87319,88070,0.17011834319526628,0.6052631578947368,0.26558891454965355,676,76.75712501419325,63.69933007834677,2436,0.27094713137740284,0.9068417459214718
2015,r1_pesos_clase,R1_rethresholded_common_validation,f1_validacion,25,0.7159845724600464,52,102,138,87778,88070,0.33766233766233766,0.2736842105263158,0.3023255813953488,154,17.486090609742252,11.581696377881231,3552,0.27094713137740284,0.9068417459214718
2015,r1_pesos_clase,R1_rethresholded_common_validation,referencia_007217143,25,0.07217143,175,73310,15,14570,88070,0.0023814383887868274,0.9210526315789473,0.004750593824228029,73485,8343.930964005904,8324.060406494833,73685,0.27094713137740284,0.9068417459214718
2015,r1_pesos_clase,R1_rethresholded_common_validation,costo,50,0.5580218253084854,115,561,75,87319,88070,0.17011834319526628,0.6052631578947368,0.26558891454965355,676,76.75712501419325,63.69933007834677,4311,0.27094713137740284,0.9068417459214718
2015,r1_pesos_clase,R1_rethresholded_common_validation,f1_validacion,50,0.7159845724600464,52,102,138,87778,88070,0.33766233766233766,0.2736842105263158,0.3023255813953488,154,17.486090609742252,11.581696377881231,7002,0.27094713137740284,0.9068417459214718
2015,r1_pesos_clase,R1_rethresholded_common_validation,referencia_007217143,50,0.07217143,175,73310,15,14570,88070,0.0023814383887868274,0.9210526315789473,0.004750593824228029,73485,8343.930964005904,8324.060406494833,74060,0.27094713137740284,0.9068417459214718
2015,r1_pesos_clase,R1_rethresholded_common_validation,costo,100,0.5580218253084854,115,561,75,87319,88070,0.17011834319526628,0.6052631578947368,0.26558891454965355,676,76.75712501419325,63.69933007834677,8061,0.27094713137740284,0.9068417459214718
2015,r1_pesos_clase,R1_rethresholded_common_validation,f1_validacion,100,0.7159845724600464,52,102,138,87778,88070,0.33766233766233766,0.2736842105263158,0.3023255813953488,154,17.486090609742252,11.581696377881231,13902,0.27094713137740284,0.9068417459214718
2015,r1_pesos_clase,R1_rethresholded_common_validation,referencia_007217143,100,0.07217143,175,73310,15,14570,88070,0.0023814383887868274,0.9210526315789473,0.004750593824228029,73485,8343.930964005904,8324.060406494833,74810,0.27094713137740284,0.9068417459214718
2015,rf_actualizado,R2_new_fit,costo,5,0.164467250955841,82,7748,108,80132,88070,0.010472541507024266,0.43157894736842106,0.020448877805486283,7830,889.0655160667651,879.7547405472919,8288,0.3758950793807245,0.8022092326857198
2015,rf_actualizado,R2_new_fit,f1_validacion,5,0.164467250955841,82,7748,108,80132,88070,0.010472541507024266,0.43157894736842106,0.020448877805486283,7830,889.0655160667651,879.7547405472919,8288,0.3758950793807245,0.8022092326857198
2015,rf_actualizado,R2_new_fit,referencia_007217143,5,0.07217143,102,17196,88,70684,88070,0.005896635449184877,0.5368421052631579,0.011665141811527904,17298,1964.1194504371522,1952.537754059271,17636,0.3758950793807245,0.8022092326857198
2015,rf_actualizado,R2_new_fit,costo,10,0.04657407529033145,111,20848,79,67032,88070,0.005296054201059211,0.5842105263157895,0.01049695021041184,20959,2379.811513568752,2367.2079028045873,21638,0.3758950793807245,0.8022092326857198
2015,rf_actualizado,R2_new_fit,f1_validacion,10,0.164467250955841,82,7748,108,80132,88070,0.010472541507024266,0.43157894736842106,0.020448877805486283,7830,889.0655160667651,879.7547405472919,8828,0.3758950793807245,0.8022092326857198
2015,rf_actualizado,R2_new_fit,referencia_007217143,10,0.07217143,102,17196,88,70684,88070,0.005896635449184877,0.5368421052631579,0.011665141811527904,17298,1964.1194504371522,1952.537754059271,18076,0.3758950793807245,0.8022092326857198
2015,rf_actualizado,R2_new_fit,costo,25,0.04657407529033145,111,20848,79,67032,88070,0.005296054201059211,0.5842105263157895,0.01049695021041184,20959,2379.811513568752,2367.2079028045873,22823,0.3758950793807245,0.8022092326857198
2015,rf_actualizado,R2_new_fit,f1_validacion,25,0.164467250955841,82,7748,108,80132,88070,0.010472541507024266,0.43157894736842106,0.020448877805486283,7830,889.0655160667651,879.7547405472919,10448,0.3758950793807245,0.8022092326857198
2015,rf_actualizado,R2_new_fit,referencia_007217143,25,0.07217143,102,17196,88,70684,88070,0.005896635449184877,0.5368421052631579,0.011665141811527904,17298,1964.1194504371522,1952.537754059271,19396,0.3758950793807245,0.8022092326857198
2015,rf_actualizado,R2_new_fit,costo,50,0.03486747089269901,118,22432,72,65448,88070,0.005232815964523282,0.6210526315789474,0.010378188214599824,22550,2560.463267855115,2547.0648347905076,26032,0.3758950793807245,0.8022092326857198
2015,rf_actualizado,R2_new_fit,f1_validacion,50,0.164467250955841,82,7748,108,80132,88070,0.010472541507024266,0.43157894736842106,0.020448877805486283,7830,889.0655160667651,879.7547405472919,13148,0.3758950793807245,0.8022092326857198
2015,rf_actualizado,R2_new_fit,referencia_007217143,50,0.07217143,102,17196,88,70684,88070,0.005896635449184877,0.5368421052631579,0.011665141811527904,17298,1964.1194504371522,1952.537754059271,21596,0.3758950793807245,0.8022092326857198
2015,rf_actualizado,R2_new_fit,costo,100,0.016519726771066157,126,24658,64,63222,88070,0.005083925112976113,0.6631578947368421,0.010090494113878433,24784,2814.1251277392985,2799.818326331327,31058,0.3758950793807245,0.8022092326857198
2015,rf_actualizado,R2_new_fit,f1_validacion,100,0.164467250955841,82,7748,108,80132,88070,0.010472541507024266,0.43157894736842106,0.020448877805486283,7830,889.0655160667651,879.7547405472919,18548,0.3758950793807245,0.8022092326857198
2015,rf_actualizado,R2_new_fit,referencia_007217143,100,0.07217143,102,17196,88,70684,88070,0.005896635449184877,0.5368421052631579,0.011665141811527904,17298,1964.1194504371522,1952.537754059271,25996,0.3758950793807245,0.8022092326857198
2015,rf_reciente_3a,R2_new_fit,costo,5,0.06797182086719077,86,8323,104,79557,88070,0.010227137590676656,0.45263157894736844,0.020002325851843236,8409,954.8086749176791,945.0437152265243,8843,0.24020311898191274,0.8042798193709124
2015,rf_reciente_3a,R2_new_fit,f1_validacion,5,0.09016503998491043,77,7821,113,80059,88070,0.009749303621169917,0.4052631578947368,0.01904055390702275,7898,896.7866469853526,888.0436016804814,8386,0.24020311898191274,0.8042798193709124
2015,rf_reciente_3a,R2_new_fit,referencia_007217143,5,0.07217143,85,8130,105,79750,88070,0.010346926354230066,0.4473684210526316,0.020226055919095775,8215,932.7807425911207,923.1293289428863,8655,0.24020311898191274,0.8042798193709124
2015,rf_reciente_3a,R2_new_fit,costo,10,0.05141784671162139,99,11056,91,76824,88070,0.008874943971313312,0.5210526315789473,0.01745262230057294,11155,1266.606108777109,1255.365050527989,11966,0.24020311898191274,0.8042798193709124
2015,rf_reciente_3a,R2_new_fit,f1_validacion,10,0.09016503998491043,77,7821,113,80059,88070,0.009749303621169917,0.4052631578947368,0.01904055390702275,7898,896.7866469853526,888.0436016804814,8951,0.24020311898191274,0.8042798193709124
2015,rf_reciente_3a,R2_new_fit,referencia_007217143,10,0.07217143,85,8130,105,79750,88070,0.010346926354230066,0.4473684210526316,0.020226055919095775,8215,932.7807425911207,923.1293289428863,9180,0.24020311898191274,0.8042798193709124
2015,rf_reciente_3a,R2_new_fit,costo,25,0.05141784671162139,99,11056,91,76824,88070,0.008874943971313312,0.5210526315789473,0.01745262230057294,11155,1266.606108777109,1255.365050527989,13331,0.24020311898191274,0.8042798193709124
2015,rf_reciente_3a,R2_new_fit,f1_validacion,25,0.09016503998491043,77,7821,113,80059,88070,0.009749303621169917,0.4052631578947368,0.01904055390702275,7898,896.7866469853526,888.0436016804814,10646,0.24020311898191274,0.8042798193709124
2015,rf_reciente_3a,R2_new_fit,referencia_007217143,25,0.07217143,85,8130,105,79750,88070,0.010346926354230066,0.4473684210526316,0.020226055919095775,8215,932.7807425911207,923.1293289428863,10755,0.24020311898191274,0.8042798193709124
2015,rf_reciente_3a,R2_new_fit,costo,50,0.05141784671162139,99,11056,91,76824,88070,0.008874943971313312,0.5210526315789473,0.01745262230057294,11155,1266.606108777109,1255.365050527989,15606,0.24020311898191274,0.8042798193709124
2015,rf_reciente_3a,R2_new_fit,f1_validacion,50,0.09016503998491043,77,7821,113,80059,88070,0.009749303621169917,0.4052631578947368,0.01904055390702275,7898,896.7866469853526,888.0436016804814,13471,0.24020311898191274,0.8042798193709124
2015,rf_reciente_3a,R2_new_fit,referencia_007217143,50,0.07217143,85,8130,105,79750,88070,0.010346926354230066,0.4473684210526316,0.020226055919095775,8215,932.7807425911207,923.1293289428863,13380,0.24020311898191274,0.8042798193709124
2015,rf_reciente_3a,R2_new_fit,costo,100,0.018910813197842633,120,17155,70,70725,88070,0.006946454413892909,0.631578947368421,0.013741769252791297,17275,1961.507891449983,1947.8823662995344,24155,0.24020311898191274,0.8042798193709124
2015,rf_reciente_3a,R2_new_fit,f1_validacion,100,0.09016503998491043,77,7821,113,80059,88070,0.009749303621169917,0.4052631578947368,0.01904055390702275,7898,896.7866469853526,888.0436016804814,19121,0.24020311898191274,0.8042798193709124
2015,rf_reciente_3a,R2_new_fit,referencia_007217143,100,0.07217143,85,8130,105,79750,88070,0.010346926354230066,0.4473684210526316,0.020226055919095775,8215,932.7807425911207,923.1293289428863,18630,0.24020311898191274,0.8042798193709124
2015,rf_profundo,R2_new_fit,costo,5,0.185,107,18278,83,69602,88070,0.005819961925482731,0.5631578947368421,0.011520861372812921,18385,2087.5439990916316,2075.3945724991486,18693,0.42421844919856755,0.794637034951968
2015,rf_profundo,R2_new_fit,f1_validacion,5,0.325,91,12594,99,75286,88070,0.007173827355143871,0.4789473684210526,0.014135922330097087,12685,1440.3315544453276,1429.9988645395708,13089,0.42421844919856755,0.794637034951968
2015,rf_profundo,R2_new_fit,referencia_007217143,5,0.07217143,123,23575,67,64305,88070,0.005190311418685121,0.6473684210526316,0.010298057602143336,23698,2690.8141251277393,2676.8479618485294,23910,0.42421844919856755,0.794637034951968
2015,rf_profundo,R2_new_fit,costo,10,0.185,107,18278,83,69602,88070,0.005819961925482731,0.5631578947368421,0.011520861372812921,18385,2087.5439990916316,2075.3945724991486,19108,0.42421844919856755,0.794637034951968
2015,rf_profundo,R2_new_fit,f1_validacion,10,0.325,91,12594,99,75286,88070,0.007173827355143871,0.4789473684210526,0.014135922330097087,12685,1440.3315544453276,1429.9988645395708,13584,0.42421844919856755,0.794637034951968
2015,rf_profundo,R2_new_fit,referencia_007217143,10,0.07217143,123,23575,67,64305,88070,0.005190311418685121,0.6473684210526316,0.010298057602143336,23698,2690.8141251277393,2676.8479618485294,24245,0.42421844919856755,0.794637034951968
2015,rf_profundo,R2_new_fit,costo,25,0.1,119,22882,71,64998,88070,0.005173688100517369,0.6263157894736842,0.010262601871415635,23001,2611.6725332122173,2598.1605541046893,24657,0.42421844919856755,0.794637034951968
2015,rf_profundo,R2_new_fit,f1_validacion,25,0.325,91,12594,99,75286,88070,0.007173827355143871,0.4789473684210526,0.014135922330097087,12685,1440.3315544453276,1429.9988645395708,15069,0.42421844919856755,0.794637034951968
2015,rf_profundo,R2_new_fit,referencia_007217143,25,0.07217143,123,23575,67,64305,88070,0.005190311418685121,0.6473684210526316,0.010298057602143336,23698,2690.8141251277393,2676.8479618485294,25250,0.42421844919856755,0.794637034951968
2015,rf_profundo,R2_new_fit,costo,50,0.1,119,22882,71,64998,88070,0.005173688100517369,0.6263157894736842,0.010262601871415635,23001,2611.6725332122173,2598.1605541046893,26432,0.42421844919856755,0.794637034951968
2015,rf_profundo,R2_new_fit,f1_validacion,50,0.325,91,12594,99,75286,88070,0.007173827355143871,0.4789473684210526,0.014135922330097087,12685,1440.3315544453276,1429.9988645395708,17544,0.42421844919856755,0.794637034951968
2015,rf_profundo,R2_new_fit,referencia_007217143,50,0.07217143,123,23575,67,64305,88070,0.005190311418685121,0.6473684210526316,0.010298057602143336,23698,2690.8141251277393,2676.8479618485294,26925,0.42421844919856755,0.794637034951968
2015,rf_profundo,R2_new_fit,costo,100,0.03,136,25350,54,62530,88070,0.005336263046378404,0.7157894736842105,0.01059355039725814,25486,2893.834449869422,2878.392188032247,30750,0.42421844919856755,0.794637034951968
2015,rf_profundo,R2_new_fit,f1_validacion,100,0.325,91,12594,99,75286,88070,0.007173827355143871,0.4789473684210526,0.014135922330097087,12685,1440.3315544453276,1429.9988645395708,22494,0.42421844919856755,0.794637034951968
2015,rf_profundo,R2_new_fit,referencia_007217143,100,0.07217143,123,23575,67,64305,88070,0.005190311418685121,0.6473684210526316,0.010298057602143336,23698,2690.8141251277393,2676.8479618485294,30275,0.42421844919856755,0.794637034951968
2015,rf_reciente_profundo,R2_new_fit,costo,5,0.105,100,14230,90,73650,88070,0.006978367062107467,0.5263157894736842,0.013774104683195593,14330,1627.1147950493926,1615.7601907573521,14680,0.278469905035142,0.7678779076731428
2015,rf_reciente_profundo,R2_new_fit,f1_validacion,5,0.185,87,9581,103,78299,88070,0.008998758791890774,0.45789473684210524,0.017650639074863056,9668,1097.763142954468,1087.884637220393,10096,0.278469905035142,0.7678779076731428
2015,rf_reciente_profundo,R2_new_fit,referencia_007217143,5,0.07217143,110,16235,80,71645,88070,0.00672988681553992,0.5789473684210527,0.013305110371938312,16345,1855.910071534007,1843.4200068127625,16635,0.278469905035142,0.7678779076731428
2015,rf_reciente_profundo,R2_new_fit,costo,10,0.08,108,15895,82,71985,88070,0.006748734612260201,0.5684210526315789,0.013339097140739825,16003,1817.0773248552289,1804.8143522198252,16715,0.278469905035142,0.7678779076731428
2015,rf_reciente_profundo,R2_new_fit,f1_validacion,10,0.185,87,9581,103,78299,88070,0.008998758791890774,0.45789473684210524,0.017650639074863056,9668,1097.763142954468,1087.884637220393,10611,0.278469905035142,0.7678779076731428
2015,rf_reciente_profundo,R2_new_fit,referencia_007217143,10,0.07217143,110,16235,80,71645,88070,0.00672988681553992,0.5789473684210527,0.013305110371938312,16345,1855.910071534007,1843.4200068127625,17035,0.278469905035142,0.7678779076731428
2015,rf_reciente_profundo,R2_new_fit,costo,25,0.08,108,15895,82,71985,88070,0.006748734612260201,0.5684210526315789,0.013339097140739825,16003,1817.0773248552289,1804.8143522198252,17945,0.278469905035142,0.7678779076731428
2015,rf_reciente_profundo,R2_new_fit,f1_validacion,25,0.185,87,9581,103,78299,88070,0.008998758791890774,0.45789473684210524,0.017650639074863056,9668,1097.763142954468,1087.884637220393,12156,0.278469905035142,0.7678779076731428
2015,rf_reciente_profundo,R2_new_fit,referencia_007217143,25,0.07217143,110,16235,80,71645,88070,0.00672988681553992,0.5789473684210527,0.013305110371938312,16345,1855.910071534007,1843.4200068127625,18235,0.278469905035142,0.7678779076731428
2015,rf_reciente_profundo,R2_new_fit,costo,50,0.045,122,20181,68,67699,88070,0.0060089641924838694,0.6421052631578947,0.011906504660127848,20303,2305.325309412967,2291.472692176678,23581,0.278469905035142,0.7678779076731428
2015,rf_reciente_profundo,R2_new_fit,f1_validacion,50,0.185,87,9581,103,78299,88070,0.008998758791890774,0.45789473684210524,0.017650639074863056,9668,1097.763142954468,1087.884637220393,14731,0.278469905035142,0.7678779076731428
2015,rf_reciente_profundo,R2_new_fit,referencia_007217143,50,0.07217143,110,16235,80,71645,88070,0.00672988681553992,0.5789473684210527,0.013305110371938312,16345,1855.910071534007,1843.4200068127625,20235,0.278469905035142,0.7678779076731428
2015,rf_reciente_profundo,R2_new_fit,costo,100,0.045,122,20181,68,67699,88070,0.0060089641924838694,0.6421052631578947,0.011906504660127848,20303,2305.325309412967,2291.472692176678,26981,0.278469905035142,0.7678779076731428
2015,rf_reciente_profundo,R2_new_fit,f1_validacion,100,0.185,87,9581,103,78299,88070,0.008998758791890774,0.45789473684210524,0.017650639074863056,9668,1097.763142954468,1087.884637220393,19881,0.278469905035142,0.7678779076731428
2015,rf_reciente_profundo,R2_new_fit,referencia_007217143,100,0.07217143,110,16235,80,71645,88070,0.00672988681553992,0.5789473684210527,0.013305110371938312,16345,1855.910071534007,1843.4200068127625,24235,0.278469905035142,0.7678779076731428
2015,rf_peso10_reciente,R2_new_fit,costo,5,0.2135451143509528,50,5910,140,81970,88070,0.008389261744966443,0.2631578947368421,0.016260162601626018,5960,676.7344158056092,671.0571136595889,6610,0.238041150828569,0.8058701458927245
2015,rf_peso10_reciente,R2_new_fit,f1_validacion,5,0.2135451143509528,50,5910,140,81970,88070,0.008389261744966443,0.2631578947368421,0.016260162601626018,5960,676.7344158056092,671.0571136595889,6610,0.238041150828569,0.8058701458927245
2015,rf_peso10_reciente,R2_new_fit,referencia_007217143,5,0.07217143,109,12706,81,75174,88070,0.00850565743269606,0.5736842105263158,0.016762783544790466,12815,1455.09254002498,1442.7160213466561,13111,0.238041150828569,0.8058701458927245
2015,rf_peso10_reciente,R2_new_fit,costo,10,0.13736302291125613,70,9325,120,78555,88070,0.007450771687067589,0.3684210526315789,0.014606155451225874,9395,1066.7650732371976,1058.8168502327694,10525,0.238041150828569,0.8058701458927245
2015,rf_peso10_reciente,R2_new_fit,f1_validacion,10,0.2135451143509528,50,5910,140,81970,88070,0.008389261744966443,0.2631578947368421,0.016260162601626018,5960,676.7344158056092,671.0571136595889,7310,0.238041150828569,0.8058701458927245
2015,rf_peso10_reciente,R2_new_fit,referencia_007217143,10,0.07217143,109,12706,81,75174,88070,0.00850565743269606,0.5736842105263158,0.016762783544790466,12815,1455.09254002498,1442.7160213466561,13516,0.238041150828569,0.8058701458927245
2015,rf_peso10_reciente,R2_new_fit,costo,25,0.07732997574740966,106,12432,84,75448,88070,0.008454298931249002,0.5578947368421052,0.016656191074795726,12538,1423.6402861360282,1411.6044055864654,14532,0.238041150828569,0.8058701458927245
2015,rf_peso10_reciente,R2_new_fit,f1_validacion,25,0.2135451143509528,50,5910,140,81970,88070,0.008389261744966443,0.2631578947368421,0.016260162601626018,5960,676.7344158056092,671.0571136595889,9410,0.238041150828569,0.8058701458927245
2015,rf_peso10_reciente,R2_new_fit,referencia_007217143,25,0.07217143,109,12706,81,75174,88070,0.00850565743269606,0.5736842105263158,0.016762783544790466,12815,1455.09254002498,1442.7160213466561,14731,0.238041150828569,0.8058701458927245
2015,rf_peso10_reciente,R2_new_fit,costo,50,0.07732997574740966,106,12432,84,75448,88070,0.008454298931249002,0.5578947368421052,0.016656191074795726,12538,1423.6402861360282,1411.6044055864654,16632,0.238041150828569,0.8058701458927245
2015,rf_peso10_reciente,R2_new_fit,f1_validacion,50,0.2135451143509528,50,5910,140,81970,88070,0.008389261744966443,0.2631578947368421,0.016260162601626018,5960,676.7344158056092,671.0571136595889,12910,0.238041150828569,0.8058701458927245
2015,rf_peso10_reciente,R2_new_fit,referencia_007217143,50,0.07217143,109,12706,81,75174,88070,0.00850565743269606,0.5736842105263158,0.016762783544790466,12815,1455.09254002498,1442.7160213466561,16756,0.238041150828569,0.8058701458927245
2015,rf_peso10_reciente,R2_new_fit,costo,100,0.0491790942829005,125,15731,65,72149,88070,0.007883451059535822,0.6578947368421053,0.0155802069051477,15856,1800.3860565459295,1786.1928011808789,22231,0.238041150828569,0.8058701458927245
2015,rf_peso10_reciente,R2_new_fit,f1_validacion,100,0.2135451143509528,50,5910,140,81970,88070,0.008389261744966443,0.2631578947368421,0.016260162601626018,5960,676.7344158056092,671.0571136595889,19910,0.238041150828569,0.8058701458927245
2015,rf_peso10_reciente,R2_new_fit,referencia_007217143,100,0.07217143,109,12706,81,75174,88070,0.00850565743269606,0.5736842105263158,0.016762783544790466,12815,1455.09254002498,1442.7160213466561,20806,0.238041150828569,0.8058701458927245
2015,rf_variables_revisadas,R2_new_fit,costo,5,0.09685060737076817,94,19,96,87861,88070,0.831858407079646,0.49473684210526314,0.6204620462046204,113,12.830702850005677,2.1573748154876804,499,0.6009575745672405,0.9461363581917928
2015,rf_variables_revisadas,R2_new_fit,f1_validacion,5,0.18219227702259905,75,1,115,87879,88070,0.9868421052631579,0.39473684210526316,0.5639097744360902,76,8.629499261950722,0.11354604292040422,576,0.6009575745672405,0.9461363581917928
2015,rf_variables_revisadas,R2_new_fit,referencia_007217143,5,0.07217143,103,34,87,87846,88070,0.7518248175182481,0.5421052631578948,0.6299694189602446,137,15.55580788009538,3.8605654592937437,469,0.6009575745672405,0.9461363581917928
2015,rf_variables_revisadas,R2_new_fit,costo,10,0.09685060737076817,94,19,96,87861,88070,0.831858407079646,0.49473684210526314,0.6204620462046204,113,12.830702850005677,2.1573748154876804,979,0.6009575745672405,0.9461363581917928
2015,rf_variables_revisadas,R2_new_fit,f1_validacion,10,0.18219227702259905,75,1,115,87879,88070,0.9868421052631579,0.39473684210526316,0.5639097744360902,76,8.629499261950722,0.11354604292040422,1151,0.6009575745672405,0.9461363581917928
2015,rf_variables_revisadas,R2_new_fit,referencia_007217143,10,0.07217143,103,34,87,87846,88070,0.7518248175182481,0.5421052631578948,0.6299694189602446,137,15.55580788009538,3.8605654592937437,904,0.6009575745672405,0.9461363581917928
2015,rf_variables_revisadas,R2_new_fit,costo,25,0.04069334713831837,111,79,79,87801,88070,0.5842105263157895,0.5842105263157895,0.5842105263157895,190,21.573748154876803,8.970137390711933,2054,0.6009575745672405,0.9461363581917928
2015,rf_variables_revisadas,R2_new_fit,f1_validacion,25,0.18219227702259905,75,1,115,87879,88070,0.9868421052631579,0.39473684210526316,0.5639097744360902,76,8.629499261950722,0.11354604292040422,2876,0.6009575745672405,0.9461363581917928
2015,rf_variables_revisadas,R2_new_fit,referencia_007217143,25,0.07217143,103,34,87,87846,88070,0.7518248175182481,0.5421052631578948,0.6299694189602446,137,15.55580788009538,3.8605654592937437,2209,0.6009575745672405,0.9461363581917928
2015,rf_variables_revisadas,R2_new_fit,costo,50,0.04069334713831837,111,79,79,87801,88070,0.5842105263157895,0.5842105263157895,0.5842105263157895,190,21.573748154876803,8.970137390711933,4029,0.6009575745672405,0.9461363581917928
2015,rf_variables_revisadas,R2_new_fit,f1_validacion,50,0.18219227702259905,75,1,115,87879,88070,0.9868421052631579,0.39473684210526316,0.5639097744360902,76,8.629499261950722,0.11354604292040422,5751,0.6009575745672405,0.9461363581917928
2015,rf_variables_revisadas,R2_new_fit,referencia_007217143,50,0.07217143,103,34,87,87846,88070,0.7518248175182481,0.5421052631578948,0.6299694189602446,137,15.55580788009538,3.8605654592937437,4384,0.6009575745672405,0.9461363581917928
2015,rf_variables_revisadas,R2_new_fit,costo,100,0.022685844002530667,115,220,75,87660,88070,0.34328358208955223,0.6052631578947368,0.4380952380952381,335,38.03792437833542,24.98012944248893,7720,0.6009575745672405,0.9461363581917928
2015,rf_variables_revisadas,R2_new_fit,f1_validacion,100,0.18219227702259905,75,1,115,87879,88070,0.9868421052631579,0.39473684210526316,0.5639097744360902,76,8.629499261950722,0.11354604292040422,11501,0.6009575745672405,0.9461363581917928
2015,rf_variables_revisadas,R2_new_fit,referencia_007217143,100,0.07217143,103,34,87,87846,88070,0.7518248175182481,0.5421052631578948,0.6299694189602446,137,15.55580788009538,3.8605654592937437,8734,0.6009575745672405,0.9461363581917928
2015,rf_revisado_reciente,R2_new_fit,costo,5,0.18029182065217428,54,4,136,87876,88070,0.9310344827586207,0.28421052631578947,0.43548387096774194,58,6.585670489383445,0.4541841716816169,684,0.5146521977655154,0.9348405121816832
2015,rf_revisado_reciente,R2_new_fit,f1_validacion,5,0.18029182065217428,54,4,136,87876,88070,0.9310344827586207,0.28421052631578947,0.43548387096774194,58,6.585670489383445,0.4541841716816169,684,0.5146521977655154,0.9348405121816832
2015,rf_revisado_reciente,R2_new_fit,referencia_007217143,5,0.07217143,103,154,87,87726,88070,0.40077821011673154,0.5421052631578948,0.4608501118568233,257,29.181333030543886,17.486090609742252,589,0.5146521977655154,0.9348405121816832
2015,rf_revisado_reciente,R2_new_fit,costo,10,0.18029182065217428,54,4,136,87876,88070,0.9310344827586207,0.28421052631578947,0.43548387096774194,58,6.585670489383445,0.4541841716816169,1364,0.5146521977655154,0.9348405121816832
2015,rf_revisado_reciente,R2_new_fit,f1_validacion,10,0.18029182065217428,54,4,136,87876,88070,0.9310344827586207,0.28421052631578947,0.43548387096774194,58,6.585670489383445,0.4541841716816169,1364,0.5146521977655154,0.9348405121816832
2015,rf_revisado_reciente,R2_new_fit,referencia_007217143,10,0.07217143,103,154,87,87726,88070,0.40077821011673154,0.5421052631578948,0.4608501118568233,257,29.181333030543886,17.486090609742252,1024,0.5146521977655154,0.9348405121816832
2015,rf_revisado_reciente,R2_new_fit,costo,25,0.08402718726896552,98,97,92,87783,88070,0.5025641025641026,0.5157894736842106,0.509090909090909,195,22.141478369478822,11.01396616327921,2397,0.5146521977655154,0.9348405121816832
2015,rf_revisado_reciente,R2_new_fit,f1_validacion,25,0.18029182065217428,54,4,136,87876,88070,0.9310344827586207,0.28421052631578947,0.43548387096774194,58,6.585670489383445,0.4541841716816169,3404,0.5146521977655154,0.9348405121816832
2015,rf_revisado_reciente,R2_new_fit,referencia_007217143,25,0.07217143,103,154,87,87726,88070,0.40077821011673154,0.5421052631578948,0.4608501118568233,257,29.181333030543886,17.486090609742252,2329,0.5146521977655154,0.9348405121816832
2015,rf_revisado_reciente,R2_new_fit,costo,50,0.06970492875311661,107,178,83,87702,88070,0.37543859649122807,0.5631578947368421,0.45052631578947366,285,32.3606222323152,20.211195639831953,4328,0.5146521977655154,0.9348405121816832
2015,rf_revisado_reciente,R2_new_fit,f1_validacion,50,0.18029182065217428,54,4,136,87876,88070,0.9310344827586207,0.28421052631578947,0.43548387096774194,58,6.585670489383445,0.4541841716816169,6804,0.5146521977655154,0.9348405121816832
2015,rf_revisado_reciente,R2_new_fit,referencia_007217143,50,0.07217143,103,154,87,87726,88070,0.40077821011673154,0.5421052631578948,0.4608501118568233,257,29.181333030543886,17.486090609742252,4504,0.5146521977655154,0.9348405121816832
2015,rf_revisado_reciente,R2_new_fit,costo,100,0.05579256167442777,116,328,74,87552,88070,0.26126126126126126,0.6105263157894737,0.3659305993690852,444,50.41444305665947,37.24310207789259,7728,0.5146521977655154,0.9348405121816832
2015,rf_revisado_reciente,R2_new_fit,f1_validacion,100,0.18029182065217428,54,4,136,87876,88070,0.9310344827586207,0.28421052631578947,0.43548387096774194,58,6.585670489383445,0.4541841716816169,13604,0.5146521977655154,0.9348405121816832
2015,rf_revisado_reciente,R2_new_fit,referencia_007217143,100,0.07217143,103,154,87,87726,88070,0.40077821011673154,0.5421052631578948,0.4608501118568233,257,29.181333030543886,17.486090609742252,8854,0.5146521977655154,0.9348405121816832
2016,r1_sin_balanceo,R1_rethresholded_common_validation,costo,5,0.29884679655198515,73,3,153,87556,87785,0.9605263157894737,0.3230088495575221,0.48344370860927155,76,8.657515520874865,0.3417440337187447,768,0.32888940597470256,0.807372970357181
2016,r1_sin_balanceo,R1_rethresholded_common_validation,f1_validacion,5,0.29884679655198515,73,3,153,87556,87785,0.9605263157894737,0.3230088495575221,0.48344370860927155,76,8.657515520874865,0.3417440337187447,768,0.32888940597470256,0.807372970357181
2016,r1_sin_balanceo,R1_rethresholded_common_validation,referencia_007217143,5,0.07217143,122,19465,104,68094,87785,0.00622862102414867,0.5398230088495575,0.012315146620905467,19587,2231.246796149684,2217.3492054451217,19985,0.32888940597470256,0.807372970357181
2016,r1_sin_balanceo,R1_rethresholded_common_validation,costo,10,0.2894350813463686,73,13,153,87546,87785,0.8488372093023255,0.3230088495575221,0.46794871794871795,86,9.796662299937347,1.4808908127812268,1543,0.32888940597470256,0.807372970357181
2016,r1_sin_balanceo,R1_rethresholded_common_validation,f1_validacion,10,0.29884679655198515,73,3,153,87556,87785,0.9605263157894737,0.3230088495575221,0.48344370860927155,76,8.657515520874865,0.3417440337187447,1533,0.32888940597470256,0.807372970357181
2016,r1_sin_balanceo,R1_rethresholded_common_validation,referencia_007217143,10,0.07217143,122,19465,104,68094,87785,0.00622862102414867,0.5398230088495575,0.012315146620905467,19587,2231.246796149684,2217.3492054451217,20505,0.32888940597470256,0.807372970357181
2016,r1_sin_balanceo,R1_rethresholded_common_validation,costo,25,0.26697187989342924,73,193,153,87366,87785,0.2744360902255639,0.3230088495575221,0.2967479674796748,266,30.301304323062027,21.985532835905907,4018,0.32888940597470256,0.807372970357181
2016,r1_sin_balanceo,R1_rethresholded_common_validation,f1_validacion,25,0.29884679655198515,73,3,153,87556,87785,0.9605263157894737,0.3230088495575221,0.48344370860927155,76,8.657515520874865,0.3417440337187447,3828,0.32888940597470256,0.807372970357181
2016,r1_sin_balanceo,R1_rethresholded_common_validation,referencia_007217143,25,0.07217143,122,19465,104,68094,87785,0.00622862102414867,0.5398230088495575,0.012315146620905467,19587,2231.246796149684,2217.3492054451217,22065,0.32888940597470256,0.807372970357181
2016,r1_sin_balanceo,R1_rethresholded_common_validation,costo,50,0.26697187989342924,73,193,153,87366,87785,0.2744360902255639,0.3230088495575221,0.2967479674796748,266,30.301304323062027,21.985532835905907,7843,0.32888940597470256,0.807372970357181
2016,r1_sin_balanceo,R1_rethresholded_common_validation,f1_validacion,50,0.29884679655198515,73,3,153,87556,87785,0.9605263157894737,0.3230088495575221,0.48344370860927155,76,8.657515520874865,0.3417440337187447,7653,0.32888940597470256,0.807372970357181
2016,r1_sin_balanceo,R1_rethresholded_common_validation,referencia_007217143,50,0.07217143,122,19465,104,68094,87785,0.00622862102414867,0.5398230088495575,0.012315146620905467,19587,2231.246796149684,2217.3492054451217,24665,0.32888940597470256,0.807372970357181
2016,r1_sin_balanceo,R1_rethresholded_common_validation,costo,100,0.26697187989342924,73,193,153,87366,87785,0.2744360902255639,0.3230088495575221,0.2967479674796748,266,30.301304323062027,21.985532835905907,15493,0.32888940597470256,0.807372970357181
2016,r1_sin_balanceo,R1_rethresholded_common_validation,f1_validacion,100,0.29884679655198515,73,3,153,87556,87785,0.9605263157894737,0.3230088495575221,0.48344370860927155,76,8.657515520874865,0.3417440337187447,15303,0.32888940597470256,0.807372970357181
2016,r1_sin_balanceo,R1_rethresholded_common_validation,referencia_007217143,100,0.07217143,122,19465,104,68094,87785,0.00622862102414867,0.5398230088495575,0.012315146620905467,19587,2231.246796149684,2217.3492054451217,29865,0.32888940597470256,0.807372970357181
2016,r1_submuestreo,R1_rethresholded_common_validation,costo,5,0.5672976146647215,100,258,126,87301,87785,0.27932960893854747,0.4424778761061947,0.3424657534246575,358,40.78145469043686,29.38998689981204,888,0.27891757591314936,0.9157471265645708
2016,r1_submuestreo,R1_rethresholded_common_validation,f1_validacion,5,0.6082247787236276,76,136,150,87423,87785,0.3584905660377358,0.336283185840708,0.3470319634703196,212,24.149911716124624,15.492396195249757,886,0.27891757591314936,0.9157471265645708
2016,r1_submuestreo,R1_rethresholded_common_validation,referencia_007217143,5,0.07217143,215,72709,11,14850,87785,0.00294827491635127,0.9513274336283186,0.0058783321941216675,72924,8307.113971635245,8282.622315885403,72764,0.27891757591314936,0.9157471265645708
2016,r1_submuestreo,R1_rethresholded_common_validation,costo,10,0.5287551340825523,117,417,109,87142,87785,0.21910112359550563,0.5176991150442478,0.3078947368421053,534,60.83043800193655,47.50242068690551,1507,0.27891757591314936,0.9157471265645708
2016,r1_submuestreo,R1_rethresholded_common_validation,f1_validacion,10,0.6082247787236276,76,136,150,87423,87785,0.3584905660377358,0.336283185840708,0.3470319634703196,212,24.149911716124624,15.492396195249757,1636,0.27891757591314936,0.9157471265645708
2016,r1_submuestreo,R1_rethresholded_common_validation,referencia_007217143,10,0.07217143,215,72709,11,14850,87785,0.00294827491635127,0.9513274336283186,0.0058783321941216675,72924,8307.113971635245,8282.622315885403,72819,0.27891757591314936,0.9157471265645708
2016,r1_submuestreo,R1_rethresholded_common_validation,costo,25,0.5000716310567028,129,616,97,86943,87785,0.17315436241610738,0.5707964601769911,0.26570545829042225,745,84.86643504015493,70.1714415902489,3041,0.27891757591314936,0.9157471265645708
2016,r1_submuestreo,R1_rethresholded_common_validation,f1_validacion,25,0.6082247787236276,76,136,150,87423,87785,0.3584905660377358,0.336283185840708,0.3470319634703196,212,24.149911716124624,15.492396195249757,3886,0.27891757591314936,0.9157471265645708
2016,r1_submuestreo,R1_rethresholded_common_validation,referencia_007217143,25,0.07217143,215,72709,11,14850,87785,0.00294827491635127,0.9513274336283186,0.0058783321941216675,72924,8307.113971635245,8282.622315885403,72984,0.27891757591314936,0.9157471265645708
2016,r1_submuestreo,R1_rethresholded_common_validation,costo,50,0.4065517191864897,161,1825,65,85734,87785,0.081067472306143,0.7123893805309734,0.14556962025316456,1986,226.23455032180897,207.894287178903,5075,0.27891757591314936,0.9157471265645708
2016,r1_submuestreo,R1_rethresholded_common_validation,f1_validacion,50,0.6082247787236276,76,136,150,87423,87785,0.3584905660377358,0.336283185840708,0.3470319634703196,212,24.149911716124624,15.492396195249757,7636,0.27891757591314936,0.9157471265645708
2016,r1_submuestreo,R1_rethresholded_common_validation,referencia_007217143,50,0.07217143,215,72709,11,14850,87785,0.00294827491635127,0.9513274336283186,0.0058783321941216675,72924,8307.113971635245,8282.622315885403,73259,0.27891757591314936,0.9157471265645708
2016,r1_submuestreo,R1_rethresholded_common_validation,costo,100,0.39968613205337383,163,1957,63,85602,87785,0.07688679245283019,0.7212389380530974,0.13895993179880647,2120,241.49911716124623,222.93102466252776,8257,0.27891757591314936,0.9157471265645708
2016,r1_submuestreo,R1_rethresholded_common_validation,f1_validacion,100,0.6082247787236276,76,136,150,87423,87785,0.3584905660377358,0.336283185840708,0.3470319634703196,212,24.149911716124624,15.492396195249757,15136,0.27891757591314936,0.9157471265645708
2016,r1_submuestreo,R1_rethresholded_common_validation,referencia_007217143,100,0.07217143,215,72709,11,14850,87785,0.00294827491635127,0.9513274336283186,0.0058783321941216675,72924,8307.113971635245,8282.622315885403,73809,0.27891757591314936,0.9157471265645708
2016,r1_smotenc,R1_rethresholded_common_validation,costo,5,0.5271774704782441,89,241,137,87318,87785,0.2696969696969697,0.3938053097345133,0.32014388489208634,330,37.59184370906191,27.45343737540582,926,0.2195634323204813,0.8782765138288042
2016,r1_smotenc,R1_rethresholded_common_validation,f1_validacion,5,0.5271774704782441,89,241,137,87318,87785,0.2696969696969697,0.3938053097345133,0.32014388489208634,330,37.59184370906191,27.45343737540582,926,0.2195634323204813,0.8782765138288042
2016,r1_smotenc,R1_rethresholded_common_validation,referencia_007217143,5,0.07217143,210,68539,16,19020,87785,0.003054589884943781,0.9292035398230089,0.006089162740123233,68749,7831.520191376659,7807.598109016347,68619,0.2195634323204813,0.8782765138288042
2016,r1_smotenc,R1_rethresholded_common_validation,costo,10,0.5271774704782441,89,241,137,87318,87785,0.2696969696969697,0.3938053097345133,0.32014388489208634,330,37.59184370906191,27.45343737540582,1611,0.2195634323204813,0.8782765138288042
2016,r1_smotenc,R1_rethresholded_common_validation,f1_validacion,10,0.5271774704782441,89,241,137,87318,87785,0.2696969696969697,0.3938053097345133,0.32014388489208634,330,37.59184370906191,27.45343737540582,1611,0.2195634323204813,0.8782765138288042
2016,r1_smotenc,R1_rethresholded_common_validation,referencia_007217143,10,0.07217143,210,68539,16,19020,87785,0.003054589884943781,0.9292035398230089,0.006089162740123233,68749,7831.520191376659,7807.598109016347,68699,0.2195634323204813,0.8782765138288042
2016,r1_smotenc,R1_rethresholded_common_validation,costo,25,0.37506425445882124,146,910,80,86649,87785,0.13825757575757575,0.6460176991150443,0.22776911076443057,1056,120.29389986899812,103.66235689468589,2910,0.2195634323204813,0.8782765138288042
2016,r1_smotenc,R1_rethresholded_common_validation,f1_validacion,25,0.5271774704782441,89,241,137,87318,87785,0.2696969696969697,0.3938053097345133,0.32014388489208634,330,37.59184370906191,27.45343737540582,3666,0.2195634323204813,0.8782765138288042
2016,r1_smotenc,R1_rethresholded_common_validation,referencia_007217143,25,0.07217143,210,68539,16,19020,87785,0.003054589884943781,0.9292035398230089,0.006089162740123233,68749,7831.520191376659,7807.598109016347,68939,0.2195634323204813,0.8782765138288042
2016,r1_smotenc,R1_rethresholded_common_validation,costo,50,0.34785094309218706,155,1175,71,86384,87785,0.11654135338345864,0.6858407079646017,0.19922879177377892,1330,151.50652161531013,133.84974653984165,4725,0.2195634323204813,0.8782765138288042
2016,r1_smotenc,R1_rethresholded_common_validation,f1_validacion,50,0.5271774704782441,89,241,137,87318,87785,0.2696969696969697,0.3938053097345133,0.32014388489208634,330,37.59184370906191,27.45343737540582,7091,0.2195634323204813,0.8782765138288042
2016,r1_smotenc,R1_rethresholded_common_validation,referencia_007217143,50,0.07217143,210,68539,16,19020,87785,0.003054589884943781,0.9292035398230089,0.006089162740123233,68749,7831.520191376659,7807.598109016347,69339,0.2195634323204813,0.8782765138288042
2016,r1_smotenc,R1_rethresholded_common_validation,costo,100,0.3295481946937383,161,1563,65,85996,87785,0.09338747099767981,0.7123893805309734,0.16512820512820514,1724,196.38890471037192,178.04864156746598,8063,0.2195634323204813,0.8782765138288042
2016,r1_smotenc,R1_rethresholded_common_validation,f1_validacion,100,0.5271774704782441,89,241,137,87318,87785,0.2696969696969697,0.3938053097345133,0.32014388489208634,330,37.59184370906191,27.45343737540582,13941,0.2195634323204813,0.8782765138288042
2016,r1_smotenc,R1_rethresholded_common_validation,referencia_007217143,100,0.07217143,210,68539,16,19020,87785,0.003054589884943781,0.9292035398230089,0.006089162740123233,68749,7831.520191376659,7807.598109016347,70139,0.2195634323204813,0.8782765138288042
2016,r1_pesos_clase,R1_rethresholded_common_validation,costo,5,0.6860147969674639,73,181,153,87378,87785,0.2874015748031496,0.3230088495575221,0.30416666666666664,254,28.93432818818705,20.61855670103093,946,0.24991894423517483,0.9143910750647326
2016,r1_pesos_clase,R1_rethresholded_common_validation,f1_validacion,5,0.6860147969674639,73,181,153,87378,87785,0.2874015748031496,0.3230088495575221,0.30416666666666664,254,28.93432818818705,20.61855670103093,946,0.24991894423517483,0.9143910750647326
2016,r1_pesos_clase,R1_rethresholded_common_validation,referencia_007217143,5,0.07217143,214,72719,12,14840,87785,0.002934199882083556,0.9469026548672567,0.005850271326836069,72933,8308.139203736402,8283.761462664464,72779,0.24991894423517483,0.9143910750647326
2016,r1_pesos_clase,R1_rethresholded_common_validation,costo,10,0.5721647531391839,138,506,88,87053,87785,0.21428571428571427,0.6106194690265486,0.31724137931034485,644,73.36105257162386,57.6408270205616,1386,0.24991894423517483,0.9143910750647326
2016,r1_pesos_clase,R1_rethresholded_common_validation,f1_validacion,10,0.6860147969674639,73,181,153,87378,87785,0.2874015748031496,0.3230088495575221,0.30416666666666664,254,28.93432818818705,20.61855670103093,1711,0.24991894423517483,0.9143910750647326
2016,r1_pesos_clase,R1_rethresholded_common_validation,referencia_007217143,10,0.07217143,214,72719,12,14840,87785,0.002934199882083556,0.9469026548672567,0.005850271326836069,72933,8308.139203736402,8283.761462664464,72839,0.24991894423517483,0.9143910750647326
2016,r1_pesos_clase,R1_rethresholded_common_validation,costo,25,0.5237488313730959,159,879,67,86680,87785,0.1531791907514451,0.7035398230088495,0.25158227848101267,1038,118.24343566668566,100.13100187959219,2554,0.24991894423517483,0.9143910750647326
2016,r1_pesos_clase,R1_rethresholded_common_validation,f1_validacion,25,0.6860147969674639,73,181,153,87378,87785,0.2874015748031496,0.3230088495575221,0.30416666666666664,254,28.93432818818705,20.61855670103093,4006,0.24991894423517483,0.9143910750647326
2016,r1_pesos_clase,R1_rethresholded_common_validation,referencia_007217143,25,0.07217143,214,72719,12,14840,87785,0.002934199882083556,0.9469026548672567,0.005850271326836069,72933,8308.139203736402,8283.761462664464,73019,0.24991894423517483,0.9143910750647326
2016,r1_pesos_clase,R1_rethresholded_common_validation,costo,50,0.4951074610887753,167,1297,59,86262,87785,0.11407103825136612,0.7389380530973452,0.19763313609467456,1464,166.7710884547474,147.74733724440395,4247,0.24991894423517483,0.9143910750647326
2016,r1_pesos_clase,R1_rethresholded_common_validation,f1_validacion,50,0.6860147969674639,73,181,153,87378,87785,0.2874015748031496,0.3230088495575221,0.30416666666666664,254,28.93432818818705,20.61855670103093,7831,0.24991894423517483,0.9143910750647326
2016,r1_pesos_clase,R1_rethresholded_common_validation,referencia_007217143,50,0.07217143,214,72719,12,14840,87785,0.002934199882083556,0.9469026548672567,0.005850271326836069,72933,8308.139203736402,8283.761462664464,73319,0.24991894423517483,0.9143910750647326
2016,r1_pesos_clase,R1_rethresholded_common_validation,costo,100,0.4537351976851113,177,2325,49,85234,87785,0.07074340527577938,0.7831858407079646,0.12976539589442815,2502,285.01452412143306,264.8516261320271,7225,0.24991894423517483,0.9143910750647326
2016,r1_pesos_clase,R1_rethresholded_common_validation,f1_validacion,100,0.6860147969674639,73,181,153,87378,87785,0.2874015748031496,0.3230088495575221,0.30416666666666664,254,28.93432818818705,20.61855670103093,15481,0.24991894423517483,0.9143910750647326
2016,r1_pesos_clase,R1_rethresholded_common_validation,referencia_007217143,100,0.07217143,214,72719,12,14840,87785,0.002934199882083556,0.9469026548672567,0.005850271326836069,72933,8308.139203736402,8283.761462664464,73919,0.24991894423517483,0.9143910750647326
2016,rf_actualizado,R2_new_fit,costo,5,0.07789948598144587,116,46,110,87513,87785,0.7160493827160493,0.5132743362831859,0.5979381443298969,162,18.454177820812212,5.240075183687418,596,0.5578911773885354,0.9337622864057177
2016,rf_actualizado,R2_new_fit,f1_validacion,5,0.09211766818463463,110,32,116,87527,87785,0.7746478873239436,0.48672566371681414,0.5978260869565217,142,16.175884262687248,3.645269692999943,612,0.5578911773885354,0.9337622864057177
2016,rf_actualizado,R2_new_fit,referencia_007217143,5,0.07217143,117,59,109,87500,87785,0.6647727272727273,0.5176991150442478,0.582089552238806,176,20.048983311499686,6.720965996468645,604,0.5578911773885354,0.9337622864057177
2016,rf_actualizado,R2_new_fit,costo,10,0.05540740655643118,119,93,107,87466,87785,0.5613207547169812,0.5265486725663717,0.54337899543379,212,24.149911716124624,10.594065045281084,1163,0.5578911773885354,0.9337622864057177
2016,rf_actualizado,R2_new_fit,f1_validacion,10,0.09211766818463463,110,32,116,87527,87785,0.7746478873239436,0.48672566371681414,0.5978260869565217,142,16.175884262687248,3.645269692999943,1192,0.5578911773885354,0.9337622864057177
2016,rf_actualizado,R2_new_fit,referencia_007217143,10,0.07217143,117,59,109,87500,87785,0.6647727272727273,0.5176991150442478,0.582089552238806,176,20.048983311499686,6.720965996468645,1149,0.5578911773885354,0.9337622864057177
2016,rf_actualizado,R2_new_fit,costo,25,0.03005134307834322,140,234,86,87325,87785,0.37433155080213903,0.6194690265486725,0.4666666666666667,374,42.60408953693683,26.656034630062084,2384,0.5578911773885354,0.9337622864057177
2016,rf_actualizado,R2_new_fit,f1_validacion,25,0.09211766818463463,110,32,116,87527,87785,0.7746478873239436,0.48672566371681414,0.5978260869565217,142,16.175884262687248,3.645269692999943,2932,0.5578911773885354,0.9337622864057177
2016,rf_actualizado,R2_new_fit,referencia_007217143,25,0.07217143,117,59,109,87500,87785,0.6647727272727273,0.5176991150442478,0.582089552238806,176,20.048983311499686,6.720965996468645,2784,0.5578911773885354,0.9337622864057177
2016,rf_actualizado,R2_new_fit,costo,50,0.01766872843756953,149,682,77,86877,87785,0.1793020457280385,0.6592920353982301,0.28192999053926204,831,94.66309734009226,77.68981033206128,4532,0.5578911773885354,0.9337622864057177
2016,rf_actualizado,R2_new_fit,f1_validacion,50,0.09211766818463463,110,32,116,87527,87785,0.7746478873239436,0.48672566371681414,0.5978260869565217,142,16.175884262687248,3.645269692999943,5832,0.5578911773885354,0.9337622864057177
2016,rf_actualizado,R2_new_fit,referencia_007217143,50,0.07217143,117,59,109,87500,87785,0.6647727272727273,0.5176991150442478,0.582089552238806,176,20.048983311499686,6.720965996468645,5509,0.5578911773885354,0.9337622864057177
2016,rf_actualizado,R2_new_fit,costo,100,0.012900155925023471,157,1421,69,86138,87785,0.09949302915082382,0.6946902654867256,0.17405764966740578,1578,179.7573617360597,161.87275730477873,8321,0.5578911773885354,0.9337622864057177
2016,rf_actualizado,R2_new_fit,f1_validacion,100,0.09211766818463463,110,32,116,87527,87785,0.7746478873239436,0.48672566371681414,0.5978260869565217,142,16.175884262687248,3.645269692999943,11632,0.5578911773885354,0.9337622864057177
2016,rf_actualizado,R2_new_fit,referencia_007217143,100,0.07217143,117,59,109,87500,87785,0.6647727272727273,0.5176991150442478,0.582089552238806,176,20.048983311499686,6.720965996468645,10959,0.5578911773885354,0.9337622864057177
2016,rf_reciente_3a,R2_new_fit,costo,5,0.048851334059980885,89,89,137,87470,87785,0.5,0.3938053097345133,0.4405940594059406,178,20.276812667312182,10.138406333656091,774,0.4358028320482471,0.9349908890763619
2016,rf_reciente_3a,R2_new_fit,f1_validacion,5,0.08516763910705986,78,22,148,87537,87785,0.78,0.34513274336283184,0.4785276073619632,100,11.391467790624821,2.506122913937461,762,0.4358028320482471,0.9349908890763619
2016,rf_reciente_3a,R2_new_fit,referencia_007217143,5,0.07217143,82,31,144,87528,87785,0.7256637168141593,0.36283185840707965,0.4837758112094395,113,12.872358603406049,3.5313550150936948,751,0.4358028320482471,0.9349908890763619
2016,rf_reciente_3a,R2_new_fit,costo,10,0.03785462832551298,101,133,125,87426,87785,0.43162393162393164,0.4469026548672566,0.4391304347826087,234,26.656034630062084,15.150652161531013,1383,0.4358028320482471,0.9349908890763619
2016,rf_reciente_3a,R2_new_fit,f1_validacion,10,0.08516763910705986,78,22,148,87537,87785,0.78,0.34513274336283184,0.4785276073619632,100,11.391467790624821,2.506122913937461,1502,0.4358028320482471,0.9349908890763619
2016,rf_reciente_3a,R2_new_fit,referencia_007217143,10,0.07217143,82,31,144,87528,87785,0.7256637168141593,0.36283185840707965,0.4837758112094395,113,12.872358603406049,3.5313550150936948,1471,0.4358028320482471,0.9349908890763619
2016,rf_reciente_3a,R2_new_fit,costo,25,0.03129941427052935,110,199,116,87360,87785,0.3559870550161812,0.48672566371681414,0.411214953271028,309,35.1996354730307,22.669020903343394,3099,0.4358028320482471,0.9349908890763619
2016,rf_reciente_3a,R2_new_fit,f1_validacion,25,0.08516763910705986,78,22,148,87537,87785,0.78,0.34513274336283184,0.4785276073619632,100,11.391467790624821,2.506122913937461,3722,0.4358028320482471,0.9349908890763619
2016,rf_reciente_3a,R2_new_fit,referencia_007217143,25,0.07217143,82,31,144,87528,87785,0.7256637168141593,0.36283185840707965,0.4837758112094395,113,12.872358603406049,3.5313550150936948,3631,0.4358028320482471,0.9349908890763619
2016,rf_reciente_3a,R2_new_fit,costo,50,0.03129941427052935,110,199,116,87360,87785,0.3559870550161812,0.48672566371681414,0.411214953271028,309,35.1996354730307,22.669020903343394,5999,0.4358028320482471,0.9349908890763619
2016,rf_reciente_3a,R2_new_fit,f1_validacion,50,0.08516763910705986,78,22,148,87537,87785,0.78,0.34513274336283184,0.4785276073619632,100,11.391467790624821,2.506122913937461,7422,0.4358028320482471,0.9349908890763619
2016,rf_reciente_3a,R2_new_fit,referencia_007217143,50,0.07217143,82,31,144,87528,87785,0.7256637168141593,0.36283185840707965,0.4837758112094395,113,12.872358603406049,3.5313550150936948,7231,0.4358028320482471,0.9349908890763619
2016,rf_reciente_3a,R2_new_fit,costo,100,0.011145625470026631,146,1773,80,85786,87785,0.0760812923397603,0.6460176991150443,0.13613053613053613,1919,218.60226690209032,201.9707239277781,9773,0.4358028320482471,0.9349908890763619
2016,rf_reciente_3a,R2_new_fit,f1_validacion,100,0.08516763910705986,78,22,148,87537,87785,0.78,0.34513274336283184,0.4785276073619632,100,11.391467790624821,2.506122913937461,14822,0.4358028320482471,0.9349908890763619
2016,rf_reciente_3a,R2_new_fit,referencia_007217143,100,0.07217143,82,31,144,87528,87785,0.7256637168141593,0.36283185840707965,0.4837758112094395,113,12.872358603406049,3.5313550150936948,14431,0.4358028320482471,0.9349908890763619
2016,rf_profundo,R2_new_fit,costo,5,0.2,118,21,108,87538,87785,0.8489208633093526,0.5221238938053098,0.6465753424657534,139,15.834140228968502,2.3922082360312125,561,0.625943658310943,0.9140055448831619
2016,rf_profundo,R2_new_fit,f1_validacion,5,0.24,117,16,109,87543,87785,0.8796992481203008,0.5176991150442478,0.6518105849582173,133,15.150652161531013,1.8226348464999715,561,0.625943658310943,0.9140055448831619
2016,rf_profundo,R2_new_fit,referencia_007217143,5,0.07217143,145,121,81,87438,87785,0.5451127819548872,0.6415929203539823,0.5894308943089431,266,30.301304323062027,13.783676026656035,526,0.625943658310943,0.9140055448831619
2016,rf_profundo,R2_new_fit,costo,10,0.085,140,87,86,87472,87785,0.6167400881057269,0.6194690265486725,0.6181015452538632,227,25.858631884718346,9.910576977843595,947,0.625943658310943,0.9140055448831619
2016,rf_profundo,R2_new_fit,f1_validacion,10,0.24,117,16,109,87543,87785,0.8796992481203008,0.5176991150442478,0.6518105849582173,133,15.150652161531013,1.8226348464999715,1106,0.625943658310943,0.9140055448831619
2016,rf_profundo,R2_new_fit,referencia_007217143,10,0.07217143,145,121,81,87438,87785,0.5451127819548872,0.6415929203539823,0.5894308943089431,266,30.301304323062027,13.783676026656035,931,0.625943658310943,0.9140055448831619
2016,rf_profundo,R2_new_fit,costo,25,0.04,152,437,74,87122,87785,0.25806451612903225,0.672566371681416,0.37300613496932516,589,67.0957452867802,49.780714245030474,2287,0.625943658310943,0.9140055448831619
2016,rf_profundo,R2_new_fit,f1_validacion,25,0.24,117,16,109,87543,87785,0.8796992481203008,0.5176991150442478,0.6518105849582173,133,15.150652161531013,1.8226348464999715,2741,0.625943658310943,0.9140055448831619
2016,rf_profundo,R2_new_fit,referencia_007217143,25,0.07217143,145,121,81,87438,87785,0.5451127819548872,0.6415929203539823,0.5894308943089431,266,30.301304323062027,13.783676026656035,2146,0.625943658310943,0.9140055448831619
2016,rf_profundo,R2_new_fit,costo,50,0.04,152,437,74,87122,87785,0.25806451612903225,0.672566371681416,0.37300613496932516,589,67.0957452867802,49.780714245030474,4137,0.625943658310943,0.9140055448831619
2016,rf_profundo,R2_new_fit,f1_validacion,50,0.24,117,16,109,87543,87785,0.8796992481203008,0.5176991150442478,0.6518105849582173,133,15.150652161531013,1.8226348464999715,5466,0.625943658310943,0.9140055448831619
2016,rf_profundo,R2_new_fit,referencia_007217143,50,0.07217143,145,121,81,87438,87785,0.5451127819548872,0.6415929203539823,0.5894308943089431,266,30.301304323062027,13.783676026656035,4171,0.625943658310943,0.9140055448831619
2016,rf_profundo,R2_new_fit,costo,100,0.04,152,437,74,87122,87785,0.25806451612903225,0.672566371681416,0.37300613496932516,589,67.0957452867802,49.780714245030474,7837,0.625943658310943,0.9140055448831619
2016,rf_profundo,R2_new_fit,f1_validacion,100,0.24,117,16,109,87543,87785,0.8796992481203008,0.5176991150442478,0.6518105849582173,133,15.150652161531013,1.8226348464999715,10916,0.625943658310943,0.9140055448831619
2016,rf_profundo,R2_new_fit,referencia_007217143,100,0.07217143,145,121,81,87438,87785,0.5451127819548872,0.6415929203539823,0.5894308943089431,266,30.301304323062027,13.783676026656035,8221,0.625943658310943,0.9140055448831619
2016,rf_reciente_profundo,R2_new_fit,costo,5,0.12,104,26,122,87533,87785,0.8,0.46017699115044247,0.5842696629213483,130,14.808908127812268,2.9617816255624536,636,0.5209029280423793,0.9020976955412214
2016,rf_reciente_profundo,R2_new_fit,f1_validacion,5,0.12,104,26,122,87533,87785,0.8,0.46017699115044247,0.5842696629213483,130,14.808908127812268,2.9617816255624536,636,0.5209029280423793,0.9020976955412214
2016,rf_reciente_profundo,R2_new_fit,referencia_007217143,5,0.07217143,115,61,111,87498,87785,0.6534090909090909,0.5088495575221239,0.572139303482587,176,20.048983311499686,6.948795352281142,616,0.5209029280423793,0.9020976955412214
2016,rf_reciente_profundo,R2_new_fit,costo,10,0.065,119,83,107,87476,87785,0.5891089108910891,0.5265486725663717,0.5560747663551402,202,23.01076493706214,9.454918266218602,1153,0.5209029280423793,0.9020976955412214
2016,rf_reciente_profundo,R2_new_fit,f1_validacion,10,0.12,104,26,122,87533,87785,0.8,0.46017699115044247,0.5842696629213483,130,14.808908127812268,2.9617816255624536,1246,0.5209029280423793,0.9020976955412214
2016,rf_reciente_profundo,R2_new_fit,referencia_007217143,10,0.07217143,115,61,111,87498,87785,0.6534090909090909,0.5088495575221239,0.572139303482587,176,20.048983311499686,6.948795352281142,1171,0.5209029280423793,0.9020976955412214
2016,rf_reciente_profundo,R2_new_fit,costo,25,0.065,119,83,107,87476,87785,0.5891089108910891,0.5265486725663717,0.5560747663551402,202,23.01076493706214,9.454918266218602,2758,0.5209029280423793,0.9020976955412214
2016,rf_reciente_profundo,R2_new_fit,f1_validacion,25,0.12,104,26,122,87533,87785,0.8,0.46017699115044247,0.5842696629213483,130,14.808908127812268,2.9617816255624536,3076,0.5209029280423793,0.9020976955412214
2016,rf_reciente_profundo,R2_new_fit,referencia_007217143,25,0.07217143,115,61,111,87498,87785,0.6534090909090909,0.5088495575221239,0.572139303482587,176,20.048983311499686,6.948795352281142,2836,0.5209029280423793,0.9020976955412214
2016,rf_reciente_profundo,R2_new_fit,costo,50,0.045,128,330,98,87229,87785,0.2794759825327511,0.5663716814159292,0.3742690058479532,458,52.17292248106168,37.59184370906191,5230,0.5209029280423793,0.9020976955412214
2016,rf_reciente_profundo,R2_new_fit,f1_validacion,50,0.12,104,26,122,87533,87785,0.8,0.46017699115044247,0.5842696629213483,130,14.808908127812268,2.9617816255624536,6126,0.5209029280423793,0.9020976955412214
2016,rf_reciente_profundo,R2_new_fit,referencia_007217143,50,0.07217143,115,61,111,87498,87785,0.6534090909090909,0.5088495575221239,0.572139303482587,176,20.048983311499686,6.948795352281142,5611,0.5209029280423793,0.9020976955412214
2016,rf_reciente_profundo,R2_new_fit,costo,100,0.045,128,330,98,87229,87785,0.2794759825327511,0.5663716814159292,0.3742690058479532,458,52.17292248106168,37.59184370906191,10130,0.5209029280423793,0.9020976955412214
2016,rf_reciente_profundo,R2_new_fit,f1_validacion,100,0.12,104,26,122,87533,87785,0.8,0.46017699115044247,0.5842696629213483,130,14.808908127812268,2.9617816255624536,12226,0.5209029280423793,0.9020976955412214
2016,rf_reciente_profundo,R2_new_fit,referencia_007217143,100,0.07217143,115,61,111,87498,87785,0.6534090909090909,0.5088495575221239,0.572139303482587,176,20.048983311499686,6.948795352281142,11161,0.5209029280423793,0.9020976955412214
2016,rf_peso10_reciente,R2_new_fit,costo,5,0.08300476662990341,115,186,111,87373,87785,0.38205980066445183,0.5088495575221239,0.4364326375711575,301,34.28831804978071,21.18813009056217,741,0.4468319778645254,0.9265308539870007
2016,rf_peso10_reciente,R2_new_fit,f1_validacion,5,0.11840242760779195,90,70,136,87489,87785,0.5625,0.39823008849557523,0.46632124352331605,160,18.226348464999717,7.974027453437375,750,0.4468319778645254,0.9265308539870007
2016,rf_peso10_reciente,R2_new_fit,referencia_007217143,5,0.07217143,120,250,106,87309,87785,0.32432432432432434,0.5309734513274337,0.40268456375838924,370,42.14843082531184,28.478669476562054,780,0.4468319778645254,0.9265308539870007
2016,rf_peso10_reciente,R2_new_fit,costo,10,0.07822443411893754,118,214,108,87345,87785,0.35542168674698793,0.5221238938053098,0.4229390681003584,332,37.81967306487441,24.37774107193712,1294,0.4468319778645254,0.9265308539870007
2016,rf_peso10_reciente,R2_new_fit,f1_validacion,10,0.11840242760779195,90,70,136,87489,87785,0.5625,0.39823008849557523,0.46632124352331605,160,18.226348464999717,7.974027453437375,1430,0.4468319778645254,0.9265308539870007
2016,rf_peso10_reciente,R2_new_fit,referencia_007217143,10,0.07217143,120,250,106,87309,87785,0.32432432432432434,0.5309734513274337,0.40268456375838924,370,42.14843082531184,28.478669476562054,1310,0.4468319778645254,0.9265308539870007
2016,rf_peso10_reciente,R2_new_fit,costo,25,0.039449727728221556,147,1084,79,86475,87785,0.11941510966693746,0.6504424778761062,0.20178448867536034,1231,140.22896850259156,123.48351085037307,3059,0.4468319778645254,0.9265308539870007
2016,rf_peso10_reciente,R2_new_fit,f1_validacion,25,0.11840242760779195,90,70,136,87489,87785,0.5625,0.39823008849557523,0.46632124352331605,160,18.226348464999717,7.974027453437375,3470,0.4468319778645254,0.9265308539870007
2016,rf_peso10_reciente,R2_new_fit,referencia_007217143,25,0.07217143,120,250,106,87309,87785,0.32432432432432434,0.5309734513274337,0.40268456375838924,370,42.14843082531184,28.478669476562054,2900,0.4468319778645254,0.9265308539870007
2016,rf_peso10_reciente,R2_new_fit,costo,50,0.039449727728221556,147,1084,79,86475,87785,0.11941510966693746,0.6504424778761062,0.20178448867536034,1231,140.22896850259156,123.48351085037307,5034,0.4468319778645254,0.9265308539870007
2016,rf_peso10_reciente,R2_new_fit,f1_validacion,50,0.11840242760779195,90,70,136,87489,87785,0.5625,0.39823008849557523,0.46632124352331605,160,18.226348464999717,7.974027453437375,6870,0.4468319778645254,0.9265308539870007
2016,rf_peso10_reciente,R2_new_fit,referencia_007217143,50,0.07217143,120,250,106,87309,87785,0.32432432432432434,0.5309734513274337,0.40268456375838924,370,42.14843082531184,28.478669476562054,5550,0.4468319778645254,0.9265308539870007
2016,rf_peso10_reciente,R2_new_fit,costo,100,0.03501309281918662,152,1334,74,86225,87785,0.10228802153432032,0.672566371681416,0.17757009345794392,1486,169.27721136868485,151.9621803269351,8734,0.4468319778645254,0.9265308539870007
2016,rf_peso10_reciente,R2_new_fit,f1_validacion,100,0.11840242760779195,90,70,136,87489,87785,0.5625,0.39823008849557523,0.46632124352331605,160,18.226348464999717,7.974027453437375,13670,0.4468319778645254,0.9265308539870007
2016,rf_peso10_reciente,R2_new_fit,referencia_007217143,100,0.07217143,120,250,106,87309,87785,0.32432432432432434,0.5309734513274337,0.40268456375838924,370,42.14843082531184,28.478669476562054,10850,0.4468319778645254,0.9265308539870007
2016,rf_variables_revisadas,R2_new_fit,costo,5,0.048107791790953695,130,51,96,87508,87785,0.7182320441988951,0.5752212389380531,0.6388206388206388,181,20.61855670103093,5.809648573218659,531,0.6445929816402455,0.9653785912447201
2016,rf_variables_revisadas,R2_new_fit,f1_validacion,5,0.06426266520673769,124,39,102,87520,87785,0.7607361963190185,0.5486725663716814,0.6375321336760925,163,18.56809249871846,4.44267243834368,549,0.6445929816402455,0.9653785912447201
2016,rf_variables_revisadas,R2_new_fit,referencia_007217143,5,0.07217143,123,38,103,87521,87785,0.7639751552795031,0.5442477876106194,0.6356589147286822,161,18.340263142905965,4.3287577604374325,553,0.6445929816402455,0.9653785912447201
2016,rf_variables_revisadas,R2_new_fit,costo,10,0.025249642946088904,146,130,80,87429,87785,0.5289855072463768,0.6460176991150443,0.5816733067729084,276,31.44045110212451,14.808908127812268,930,0.6445929816402455,0.9653785912447201
2016,rf_variables_revisadas,R2_new_fit,f1_validacion,10,0.06426266520673769,124,39,102,87520,87785,0.7607361963190185,0.5486725663716814,0.6375321336760925,163,18.56809249871846,4.44267243834368,1059,0.6445929816402455,0.9653785912447201
2016,rf_variables_revisadas,R2_new_fit,referencia_007217143,10,0.07217143,123,38,103,87521,87785,0.7639751552795031,0.5442477876106194,0.6356589147286822,161,18.340263142905965,4.3287577604374325,1068,0.6445929816402455,0.9653785912447201
2016,rf_variables_revisadas,R2_new_fit,costo,25,0.01171670941011998,167,566,59,86993,87785,0.22783083219645292,0.7389380530973452,0.3482794577685089,733,83.49945890527995,64.47570769493649,2041,0.6445929816402455,0.9653785912447201
2016,rf_variables_revisadas,R2_new_fit,f1_validacion,25,0.06426266520673769,124,39,102,87520,87785,0.7607361963190185,0.5486725663716814,0.6375321336760925,163,18.56809249871846,4.44267243834368,2589,0.6445929816402455,0.9653785912447201
2016,rf_variables_revisadas,R2_new_fit,referencia_007217143,25,0.07217143,123,38,103,87521,87785,0.7639751552795031,0.5442477876106194,0.6356589147286822,161,18.340263142905965,4.3287577604374325,2613,0.6445929816402455,0.9653785912447201
2016,rf_variables_revisadas,R2_new_fit,costo,50,0.010110126824953327,173,851,53,86708,87785,0.1689453125,0.7654867256637168,0.2768,1024,116.64863017599818,96.94139089821724,3501,0.6445929816402455,0.9653785912447201
2016,rf_variables_revisadas,R2_new_fit,f1_validacion,50,0.06426266520673769,124,39,102,87520,87785,0.7607361963190185,0.5486725663716814,0.6375321336760925,163,18.56809249871846,4.44267243834368,5139,0.6445929816402455,0.9653785912447201
2016,rf_variables_revisadas,R2_new_fit,referencia_007217143,50,0.07217143,123,38,103,87521,87785,0.7639751552795031,0.5442477876106194,0.6356589147286822,161,18.340263142905965,4.3287577604374325,5188,0.6445929816402455,0.9653785912447201
2016,rf_variables_revisadas,R2_new_fit,costo,100,0.008048879805686738,182,1688,44,85871,87785,0.09732620320855614,0.8053097345132744,0.1736641221374046,1870,213.02044768468417,192.287976305747,6088,0.6445929816402455,0.9653785912447201
2016,rf_variables_revisadas,R2_new_fit,f1_validacion,100,0.06426266520673769,124,39,102,87520,87785,0.7607361963190185,0.5486725663716814,0.6375321336760925,163,18.56809249871846,4.44267243834368,10239,0.6445929816402455,0.9653785912447201
2016,rf_variables_revisadas,R2_new_fit,referencia_007217143,100,0.07217143,123,38,103,87521,87785,0.7639751552795031,0.5442477876106194,0.6356589147286822,161,18.340263142905965,4.3287577604374325,10338,0.6445929816402455,0.9653785912447201
2016,rf_revisado_reciente,R2_new_fit,costo,5,0.09243139700443562,112,151,114,87408,87785,0.42585551330798477,0.49557522123893805,0.45807770961145194,263,29.959560289343283,17.201116363843482,721,0.48227656863828444,0.9487757281638768
2016,rf_revisado_reciente,R2_new_fit,f1_validacion,5,0.14748795779241639,91,40,135,87519,87785,0.6946564885496184,0.4026548672566372,0.5098039215686274,131,14.922822805718518,4.556587116249929,715,0.48227656863828444,0.9487757281638768
2016,rf_revisado_reciente,R2_new_fit,referencia_007217143,5,0.07217143,122,263,104,87296,87785,0.3168831168831169,0.5398230088495575,0.3993453355155483,385,43.85715099390556,29.959560289343283,783,0.48227656863828444,0.9487757281638768
2016,rf_revisado_reciente,R2_new_fit,costo,10,0.09243139700443562,112,151,114,87408,87785,0.42585551330798477,0.49557522123893805,0.45807770961145194,263,29.959560289343283,17.201116363843482,1291,0.48227656863828444,0.9487757281638768
2016,rf_revisado_reciente,R2_new_fit,f1_validacion,10,0.14748795779241639,91,40,135,87519,87785,0.6946564885496184,0.4026548672566372,0.5098039215686274,131,14.922822805718518,4.556587116249929,1390,0.48227656863828444,0.9487757281638768
2016,rf_revisado_reciente,R2_new_fit,referencia_007217143,10,0.07217143,122,263,104,87296,87785,0.3168831168831169,0.5398230088495575,0.3993453355155483,385,43.85715099390556,29.959560289343283,1303,0.48227656863828444,0.9487757281638768
2016,rf_revisado_reciente,R2_new_fit,costo,25,0.04168359661867958,148,853,78,86706,87785,0.14785214785214784,0.6548672566371682,0.24123879380603097,1001,114.02859258415447,97.16922025402974,2803,0.48227656863828444,0.9487757281638768
2016,rf_revisado_reciente,R2_new_fit,f1_validacion,25,0.14748795779241639,91,40,135,87519,87785,0.6946564885496184,0.4026548672566372,0.5098039215686274,131,14.922822805718518,4.556587116249929,3415,0.48227656863828444,0.9487757281638768
2016,rf_revisado_reciente,R2_new_fit,referencia_007217143,25,0.07217143,122,263,104,87296,87785,0.3168831168831169,0.5398230088495575,0.3993453355155483,385,43.85715099390556,29.959560289343283,2863,0.48227656863828444,0.9487757281638768
2016,rf_revisado_reciente,R2_new_fit,costo,50,0.04168359661867958,148,853,78,86706,87785,0.14785214785214784,0.6548672566371682,0.24123879380603097,1001,114.02859258415447,97.16922025402974,4753,0.48227656863828444,0.9487757281638768
2016,rf_revisado_reciente,R2_new_fit,f1_validacion,50,0.14748795779241639,91,40,135,87519,87785,0.6946564885496184,0.4026548672566372,0.5098039215686274,131,14.922822805718518,4.556587116249929,6790,0.48227656863828444,0.9487757281638768
2016,rf_revisado_reciente,R2_new_fit,referencia_007217143,50,0.07217143,122,263,104,87296,87785,0.3168831168831169,0.5398230088495575,0.3993453355155483,385,43.85715099390556,29.959560289343283,5463,0.48227656863828444,0.9487757281638768
2016,rf_revisado_reciente,R2_new_fit,costo,100,0.024844476861955598,172,1989,54,85570,87785,0.07959278111985192,0.7610619469026548,0.14411395056556348,2161,246.1696189554024,226.57629435552772,7389,0.48227656863828444,0.9487757281638768
2016,rf_revisado_reciente,R2_new_fit,f1_validacion,100,0.14748795779241639,91,40,135,87519,87785,0.6946564885496184,0.4026548672566372,0.5098039215686274,131,14.922822805718518,4.556587116249929,13540,0.48227656863828444,0.9487757281638768
2016,rf_revisado_reciente,R2_new_fit,referencia_007217143,100,0.07217143,122,263,104,87296,87785,0.3168831168831169,0.5398230088495575,0.3993453355155483,385,43.85715099390556,29.959560289343283,10663,0.48227656863828444,0.9487757281638768
2019,r1_sin_balanceo,R1_rethresholded_common_validation,costo,5,0.12882591455025527,1,9,122,73316,73448,0.1,0.008130081300813009,0.015037593984962405,10,1.3615074610608866,1.225356714954798,619,0.0120375294427629,0.671539171579919
2019,r1_sin_balanceo,R1_rethresholded_common_validation,f1_validacion,5,0.02457034419010121,9,130,114,73195,73448,0.06474820143884892,0.07317073170731707,0.06870229007633588,139,18.924953708746322,17.699596993791527,700,0.0120375294427629,0.671539171579919
2019,r1_sin_balanceo,R1_rethresholded_common_validation,referencia_007217143,5,0.07217143,2,22,121,73303,73448,0.08333333333333333,0.016260162601626018,0.027210884353741496,24,3.267617906546128,2.9953164143339506,627,0.0120375294427629,0.671539171579919
2019,r1_sin_balanceo,R1_rethresholded_common_validation,costo,10,0.12882591455025527,1,9,122,73316,73448,0.1,0.008130081300813009,0.015037593984962405,10,1.3615074610608866,1.225356714954798,1229,0.0120375294427629,0.671539171579919
2019,r1_sin_balanceo,R1_rethresholded_common_validation,f1_validacion,10,0.02457034419010121,9,130,114,73195,73448,0.06474820143884892,0.07317073170731707,0.06870229007633588,139,18.924953708746322,17.699596993791527,1270,0.0120375294427629,0.671539171579919
2019,r1_sin_balanceo,R1_rethresholded_common_validation,referencia_007217143,10,0.07217143,2,22,121,73303,73448,0.08333333333333333,0.016260162601626018,0.027210884353741496,24,3.267617906546128,2.9953164143339506,1232,0.0120375294427629,0.671539171579919
2019,r1_sin_balanceo,R1_rethresholded_common_validation,costo,25,0.01809906690438387,11,215,112,73110,73448,0.048672566371681415,0.08943089430894309,0.06303724928366762,226,30.770068619976037,29.272410412809062,3015,0.0120375294427629,0.671539171579919
2019,r1_sin_balanceo,R1_rethresholded_common_validation,f1_validacion,25,0.02457034419010121,9,130,114,73195,73448,0.06474820143884892,0.07317073170731707,0.06870229007633588,139,18.924953708746322,17.699596993791527,2980,0.0120375294427629,0.671539171579919
2019,r1_sin_balanceo,R1_rethresholded_common_validation,referencia_007217143,25,0.07217143,2,22,121,73303,73448,0.08333333333333333,0.016260162601626018,0.027210884353741496,24,3.267617906546128,2.9953164143339506,3047,0.0120375294427629,0.671539171579919
2019,r1_sin_balanceo,R1_rethresholded_common_validation,costo,50,0.012661664476534901,13,452,110,72873,73448,0.02795698924731183,0.10569105691056911,0.04421768707482993,465,63.310096939331224,61.540137239952074,5952,0.0120375294427629,0.671539171579919
2019,r1_sin_balanceo,R1_rethresholded_common_validation,f1_validacion,50,0.02457034419010121,9,130,114,73195,73448,0.06474820143884892,0.07317073170731707,0.06870229007633588,139,18.924953708746322,17.699596993791527,5830,0.0120375294427629,0.671539171579919
2019,r1_sin_balanceo,R1_rethresholded_common_validation,referencia_007217143,50,0.07217143,2,22,121,73303,73448,0.08333333333333333,0.016260162601626018,0.027210884353741496,24,3.267617906546128,2.9953164143339506,6072,0.0120375294427629,0.671539171579919
2019,r1_sin_balanceo,R1_rethresholded_common_validation,costo,100,0.012661664476534901,13,452,110,72873,73448,0.02795698924731183,0.10569105691056911,0.04421768707482993,465,63.310096939331224,61.540137239952074,11452,0.0120375294427629,0.671539171579919
2019,r1_sin_balanceo,R1_rethresholded_common_validation,f1_validacion,100,0.02457034419010121,9,130,114,73195,73448,0.06474820143884892,0.07317073170731707,0.06870229007633588,139,18.924953708746322,17.699596993791527,11530,0.0120375294427629,0.671539171579919
2019,r1_sin_balanceo,R1_rethresholded_common_validation,referencia_007217143,100,0.07217143,2,22,121,73303,73448,0.08333333333333333,0.016260162601626018,0.027210884353741496,24,3.267617906546128,2.9953164143339506,12122,0.0120375294427629,0.671539171579919
2019,r1_submuestreo,R1_rethresholded_common_validation,costo,5,0.8549467147522368,0,0,123,73325,73448,0.0,0.0,0.0,0,0.0,0.0,615,0.002971356400877114,0.6698696914006304
2019,r1_submuestreo,R1_rethresholded_common_validation,f1_validacion,5,0.6217115428311037,0,141,123,73184,73448,0.0,0.0,0.0,141,19.1972552009585,19.1972552009585,756,0.002971356400877114,0.6698696914006304
2019,r1_submuestreo,R1_rethresholded_common_validation,referencia_007217143,5,0.07217143,43,13298,80,60027,73448,0.0032231466906528744,0.34959349593495936,0.006387403446226975,13341,1816.3871038013287,1810.5326217187671,13698,0.002971356400877114,0.6698696914006304
2019,r1_submuestreo,R1_rethresholded_common_validation,costo,10,0.8549467147522368,0,0,123,73325,73448,0.0,0.0,0.0,0,0.0,0.0,1230,0.002971356400877114,0.6698696914006304
2019,r1_submuestreo,R1_rethresholded_common_validation,f1_validacion,10,0.6217115428311037,0,141,123,73184,73448,0.0,0.0,0.0,141,19.1972552009585,19.1972552009585,1371,0.002971356400877114,0.6698696914006304
2019,r1_submuestreo,R1_rethresholded_common_validation,referencia_007217143,10,0.07217143,43,13298,80,60027,73448,0.0032231466906528744,0.34959349593495936,0.006387403446226975,13341,1816.3871038013287,1810.5326217187671,14098,0.002971356400877114,0.6698696914006304
2019,r1_submuestreo,R1_rethresholded_common_validation,costo,25,0.8549467147522368,0,0,123,73325,73448,0.0,0.0,0.0,0,0.0,0.0,3075,0.002971356400877114,0.6698696914006304
2019,r1_submuestreo,R1_rethresholded_common_validation,f1_validacion,25,0.6217115428311037,0,141,123,73184,73448,0.0,0.0,0.0,141,19.1972552009585,19.1972552009585,3216,0.002971356400877114,0.6698696914006304
2019,r1_submuestreo,R1_rethresholded_common_validation,referencia_007217143,25,0.07217143,43,13298,80,60027,73448,0.0032231466906528744,0.34959349593495936,0.006387403446226975,13341,1816.3871038013287,1810.5326217187671,15298,0.002971356400877114,0.6698696914006304
2019,r1_submuestreo,R1_rethresholded_common_validation,costo,50,0.6217115428311037,0,141,123,73184,73448,0.0,0.0,0.0,141,19.1972552009585,19.1972552009585,6291,0.002971356400877114,0.6698696914006304
2019,r1_submuestreo,R1_rethresholded_common_validation,f1_validacion,50,0.6217115428311037,0,141,123,73184,73448,0.0,0.0,0.0,141,19.1972552009585,19.1972552009585,6291,0.002971356400877114,0.6698696914006304
2019,r1_submuestreo,R1_rethresholded_common_validation,referencia_007217143,50,0.07217143,43,13298,80,60027,73448,0.0032231466906528744,0.34959349593495936,0.006387403446226975,13341,1816.3871038013287,1810.5326217187671,17298,0.002971356400877114,0.6698696914006304
2019,r1_submuestreo,R1_rethresholded_common_validation,costo,100,0.6217115428311037,0,141,123,73184,73448,0.0,0.0,0.0,141,19.1972552009585,19.1972552009585,12441,0.002971356400877114,0.6698696914006304
2019,r1_submuestreo,R1_rethresholded_common_validation,f1_validacion,100,0.6217115428311037,0,141,123,73184,73448,0.0,0.0,0.0,141,19.1972552009585,19.1972552009585,12441,0.002971356400877114,0.6698696914006304
2019,r1_submuestreo,R1_rethresholded_common_validation,referencia_007217143,100,0.07217143,43,13298,80,60027,73448,0.0032231466906528744,0.34959349593495936,0.006387403446226975,13341,1816.3871038013287,1810.5326217187671,21298,0.002971356400877114,0.6698696914006304
2019,r1_smotenc,R1_rethresholded_common_validation,costo,5,1.0000000000000002,0,0,123,73325,73448,0.0,0.0,0.0,0,0.0,0.0,615,0.0024753978203382247,0.6590393032467659
2019,r1_smotenc,R1_rethresholded_common_validation,f1_validacion,5,0.5462174785417264,0,118,123,73207,73448,0.0,0.0,0.0,118,16.065788040518463,16.065788040518463,733,0.0024753978203382247,0.6590393032467659
2019,r1_smotenc,R1_rethresholded_common_validation,referencia_007217143,5,0.07217143,5,7306,118,66019,73448,0.000683900971139379,0.04065040650406504,0.0013451708366962604,7311,995.3981047816142,994.7173510510837,7896,0.0024753978203382247,0.6590393032467659
2019,r1_smotenc,R1_rethresholded_common_validation,costo,10,1.0000000000000002,0,0,123,73325,73448,0.0,0.0,0.0,0,0.0,0.0,1230,0.0024753978203382247,0.6590393032467659
2019,r1_smotenc,R1_rethresholded_common_validation,f1_validacion,10,0.5462174785417264,0,118,123,73207,73448,0.0,0.0,0.0,118,16.065788040518463,16.065788040518463,1348,0.0024753978203382247,0.6590393032467659
2019,r1_smotenc,R1_rethresholded_common_validation,referencia_007217143,10,0.07217143,5,7306,118,66019,73448,0.000683900971139379,0.04065040650406504,0.0013451708366962604,7311,995.3981047816142,994.7173510510837,8486,0.0024753978203382247,0.6590393032467659
2019,r1_smotenc,R1_rethresholded_common_validation,costo,25,1.0000000000000002,0,0,123,73325,73448,0.0,0.0,0.0,0,0.0,0.0,3075,0.0024753978203382247,0.6590393032467659
2019,r1_smotenc,R1_rethresholded_common_validation,f1_validacion,25,0.5462174785417264,0,118,123,73207,73448,0.0,0.0,0.0,118,16.065788040518463,16.065788040518463,3193,0.0024753978203382247,0.6590393032467659
2019,r1_smotenc,R1_rethresholded_common_validation,referencia_007217143,25,0.07217143,5,7306,118,66019,73448,0.000683900971139379,0.04065040650406504,0.0013451708366962604,7311,995.3981047816142,994.7173510510837,10256,0.0024753978203382247,0.6590393032467659
2019,r1_smotenc,R1_rethresholded_common_validation,costo,50,0.6058481464285894,0,44,123,73281,73448,0.0,0.0,0.0,44,5.990632828667901,5.990632828667901,6194,0.0024753978203382247,0.6590393032467659
2019,r1_smotenc,R1_rethresholded_common_validation,f1_validacion,50,0.5462174785417264,0,118,123,73207,73448,0.0,0.0,0.0,118,16.065788040518463,16.065788040518463,6268,0.0024753978203382247,0.6590393032467659
2019,r1_smotenc,R1_rethresholded_common_validation,referencia_007217143,50,0.07217143,5,7306,118,66019,73448,0.000683900971139379,0.04065040650406504,0.0013451708366962604,7311,995.3981047816142,994.7173510510837,13206,0.0024753978203382247,0.6590393032467659
2019,r1_smotenc,R1_rethresholded_common_validation,costo,100,0.501051148614784,0,236,123,73089,73448,0.0,0.0,0.0,236,32.131576081036926,32.131576081036926,12536,0.0024753978203382247,0.6590393032467659
2019,r1_smotenc,R1_rethresholded_common_validation,f1_validacion,100,0.5462174785417264,0,118,123,73207,73448,0.0,0.0,0.0,118,16.065788040518463,16.065788040518463,12418,0.0024753978203382247,0.6590393032467659
2019,r1_smotenc,R1_rethresholded_common_validation,referencia_007217143,100,0.07217143,5,7306,118,66019,73448,0.000683900971139379,0.04065040650406504,0.0013451708366962604,7311,995.3981047816142,994.7173510510837,19106,0.0024753978203382247,0.6590393032467659
2019,r1_pesos_clase,R1_rethresholded_common_validation,costo,5,1.0000000000000002,0,0,123,73325,73448,0.0,0.0,0.0,0,0.0,0.0,615,0.0023716183888952947,0.6484665940420059
2019,r1_pesos_clase,R1_rethresholded_common_validation,f1_validacion,5,0.8284292233933526,0,31,123,73294,73448,0.0,0.0,0.0,31,4.220673129288748,4.220673129288748,646,0.0023716183888952947,0.6484665940420059
2019,r1_pesos_clase,R1_rethresholded_common_validation,referencia_007217143,5,0.07217143,77,27400,46,45925,73448,0.0028023437784328712,0.6260162601626016,0.005579710144927536,27477,3741.014050756998,3730.5304433068295,27630,0.0023716183888952947,0.6484665940420059
2019,r1_pesos_clase,R1_rethresholded_common_validation,costo,10,1.0000000000000002,0,0,123,73325,73448,0.0,0.0,0.0,0,0.0,0.0,1230,0.0023716183888952947,0.6484665940420059
2019,r1_pesos_clase,R1_rethresholded_common_validation,f1_validacion,10,0.8284292233933526,0,31,123,73294,73448,0.0,0.0,0.0,31,4.220673129288748,4.220673129288748,1261,0.0023716183888952947,0.6484665940420059
2019,r1_pesos_clase,R1_rethresholded_common_validation,referencia_007217143,10,0.07217143,77,27400,46,45925,73448,0.0028023437784328712,0.6260162601626016,0.005579710144927536,27477,3741.014050756998,3730.5304433068295,27860,0.0023716183888952947,0.6484665940420059
2019,r1_pesos_clase,R1_rethresholded_common_validation,costo,25,0.8284292233933526,0,31,123,73294,73448,0.0,0.0,0.0,31,4.220673129288748,4.220673129288748,3106,0.0023716183888952947,0.6484665940420059
2019,r1_pesos_clase,R1_rethresholded_common_validation,f1_validacion,25,0.8284292233933526,0,31,123,73294,73448,0.0,0.0,0.0,31,4.220673129288748,4.220673129288748,3106,0.0023716183888952947,0.6484665940420059
2019,r1_pesos_clase,R1_rethresholded_common_validation,referencia_007217143,25,0.07217143,77,27400,46,45925,73448,0.0028023437784328712,0.6260162601626016,0.005579710144927536,27477,3741.014050756998,3730.5304433068295,28550,0.0023716183888952947,0.6484665940420059
2019,r1_pesos_clase,R1_rethresholded_common_validation,costo,50,0.8284292233933526,0,31,123,73294,73448,0.0,0.0,0.0,31,4.220673129288748,4.220673129288748,6181,0.0023716183888952947,0.6484665940420059
2019,r1_pesos_clase,R1_rethresholded_common_validation,f1_validacion,50,0.8284292233933526,0,31,123,73294,73448,0.0,0.0,0.0,31,4.220673129288748,4.220673129288748,6181,0.0023716183888952947,0.6484665940420059
2019,r1_pesos_clase,R1_rethresholded_common_validation,referencia_007217143,50,0.07217143,77,27400,46,45925,73448,0.0028023437784328712,0.6260162601626016,0.005579710144927536,27477,3741.014050756998,3730.5304433068295,29700,0.0023716183888952947,0.6484665940420059
2019,r1_pesos_clase,R1_rethresholded_common_validation,costo,100,0.8284292233933526,0,31,123,73294,73448,0.0,0.0,0.0,31,4.220673129288748,4.220673129288748,12331,0.0023716183888952947,0.6484665940420059
2019,r1_pesos_clase,R1_rethresholded_common_validation,f1_validacion,100,0.8284292233933526,0,31,123,73294,73448,0.0,0.0,0.0,31,4.220673129288748,4.220673129288748,12331,0.0023716183888952947,0.6484665940420059
2019,r1_pesos_clase,R1_rethresholded_common_validation,referencia_007217143,100,0.07217143,77,27400,46,45925,73448,0.0028023437784328712,0.6260162601626016,0.005579710144927536,27477,3741.014050756998,3730.5304433068295,32000,0.0023716183888952947,0.6484665940420059
2019,rf_actualizado,R2_new_fit,costo,5,0.032894580458510195,10,65,113,73260,73448,0.13333333333333333,0.08130081300813008,0.10101010101010101,75,10.21130595795665,8.849798496895763,630,0.02181822089145973,0.7225186897624175
2019,rf_actualizado,R2_new_fit,f1_validacion,5,0.02255511223091145,11,131,112,73194,73448,0.07746478873239436,0.08943089430894309,0.0830188679245283,142,19.33340594706459,17.835747739897613,691,0.02181822089145973,0.7225186897624175
2019,rf_actualizado,R2_new_fit,referencia_007217143,5,0.07217143,3,27,120,73298,73448,0.1,0.024390243902439025,0.0392156862745098,30,4.08452238318266,3.676070144864394,627,0.02181822089145973,0.7225186897624175
2019,rf_actualizado,R2_new_fit,costo,10,0.032894580458510195,10,65,113,73260,73448,0.13333333333333333,0.08130081300813008,0.10101010101010101,75,10.21130595795665,8.849798496895763,1195,0.02181822089145973,0.7225186897624175
2019,rf_actualizado,R2_new_fit,f1_validacion,10,0.02255511223091145,11,131,112,73194,73448,0.07746478873239436,0.08943089430894309,0.0830188679245283,142,19.33340594706459,17.835747739897613,1251,0.02181822089145973,0.7225186897624175
2019,rf_actualizado,R2_new_fit,referencia_007217143,10,0.07217143,3,27,120,73298,73448,0.1,0.024390243902439025,0.0392156862745098,30,4.08452238318266,3.676070144864394,1227,0.02181822089145973,0.7225186897624175
2019,rf_actualizado,R2_new_fit,costo,25,0.02046171411871807,12,160,111,73165,73448,0.06976744186046512,0.0975609756097561,0.08135593220338982,172,23.41792833024725,21.784119376974186,2935,0.02181822089145973,0.7225186897624175
2019,rf_actualizado,R2_new_fit,f1_validacion,25,0.02255511223091145,11,131,112,73194,73448,0.07746478873239436,0.08943089430894309,0.0830188679245283,142,19.33340594706459,17.835747739897613,2931,0.02181822089145973,0.7225186897624175
2019,rf_actualizado,R2_new_fit,referencia_007217143,25,0.07217143,3,27,120,73298,73448,0.1,0.024390243902439025,0.0392156862745098,30,4.08452238318266,3.676070144864394,3027,0.02181822089145973,0.7225186897624175
2019,rf_actualizado,R2_new_fit,costo,50,0.014357903872303419,17,347,106,72978,73448,0.046703296703296704,0.13821138211382114,0.06981519507186858,364,49.55887158261627,47.24430889881277,5647,0.02181822089145973,0.7225186897624175
2019,rf_actualizado,R2_new_fit,f1_validacion,50,0.02255511223091145,11,131,112,73194,73448,0.07746478873239436,0.08943089430894309,0.0830188679245283,142,19.33340594706459,17.835747739897613,5731,0.02181822089145973,0.7225186897624175
2019,rf_actualizado,R2_new_fit,referencia_007217143,50,0.07217143,3,27,120,73298,73448,0.1,0.024390243902439025,0.0392156862745098,30,4.08452238318266,3.676070144864394,6027,0.02181822089145973,0.7225186897624175
2019,rf_actualizado,R2_new_fit,costo,100,0.014357903872303419,17,347,106,72978,73448,0.046703296703296704,0.13821138211382114,0.06981519507186858,364,49.55887158261627,47.24430889881277,10947,0.02181822089145973,0.7225186897624175
2019,rf_actualizado,R2_new_fit,f1_validacion,100,0.02255511223091145,11,131,112,73194,73448,0.07746478873239436,0.08943089430894309,0.0830188679245283,142,19.33340594706459,17.835747739897613,11331,0.02181822089145973,0.7225186897624175
2019,rf_actualizado,R2_new_fit,referencia_007217143,100,0.07217143,3,27,120,73298,73448,0.1,0.024390243902439025,0.0392156862745098,30,4.08452238318266,3.676070144864394,12027,0.02181822089145973,0.7225186897624175
2019,rf_reciente_3a,R2_new_fit,costo,5,0.08152844250038432,5,24,118,73301,73448,0.1724137931034483,0.04065040650406504,0.06578947368421052,29,3.9483716370765713,3.267617906546128,614,0.018254058062253796,0.6813644566039933
2019,rf_reciente_3a,R2_new_fit,f1_validacion,5,0.053716959335302565,5,51,118,73274,73448,0.08928571428571429,0.04065040650406504,0.055865921787709494,56,7.624441781940965,6.943688051410522,641,0.018254058062253796,0.6813644566039933
2019,rf_reciente_3a,R2_new_fit,referencia_007217143,5,0.07217143,5,34,118,73291,73448,0.1282051282051282,0.04065040650406504,0.06172839506172839,39,5.309879098137458,4.629125367607014,624,0.018254058062253796,0.6813644566039933
2019,rf_reciente_3a,R2_new_fit,costo,10,0.053716959335302565,5,51,118,73274,73448,0.08928571428571429,0.04065040650406504,0.055865921787709494,56,7.624441781940965,6.943688051410522,1231,0.018254058062253796,0.6813644566039933
2019,rf_reciente_3a,R2_new_fit,f1_validacion,10,0.053716959335302565,5,51,118,73274,73448,0.08928571428571429,0.04065040650406504,0.055865921787709494,56,7.624441781940965,6.943688051410522,1231,0.018254058062253796,0.6813644566039933
2019,rf_reciente_3a,R2_new_fit,referencia_007217143,10,0.07217143,5,34,118,73291,73448,0.1282051282051282,0.04065040650406504,0.06172839506172839,39,5.309879098137458,4.629125367607014,1214,0.018254058062253796,0.6813644566039933
2019,rf_reciente_3a,R2_new_fit,costo,25,0.044268915031408215,6,82,117,73243,73448,0.06818181818181818,0.04878048780487805,0.05687203791469194,88,11.981265657335802,11.16436118069927,3007,0.018254058062253796,0.6813644566039933
2019,rf_reciente_3a,R2_new_fit,f1_validacion,25,0.053716959335302565,5,51,118,73274,73448,0.08928571428571429,0.04065040650406504,0.055865921787709494,56,7.624441781940965,6.943688051410522,3001,0.018254058062253796,0.6813644566039933
2019,rf_reciente_3a,R2_new_fit,referencia_007217143,25,0.07217143,5,34,118,73291,73448,0.1282051282051282,0.04065040650406504,0.06172839506172839,39,5.309879098137458,4.629125367607014,2984,0.018254058062253796,0.6813644566039933
2019,rf_reciente_3a,R2_new_fit,costo,50,0.02001933145510514,13,372,110,72953,73448,0.033766233766233764,0.10569105691056911,0.051181102362204724,385,52.41803725084414,50.64807755146498,5872,0.018254058062253796,0.6813644566039933
2019,rf_reciente_3a,R2_new_fit,f1_validacion,50,0.053716959335302565,5,51,118,73274,73448,0.08928571428571429,0.04065040650406504,0.055865921787709494,56,7.624441781940965,6.943688051410522,5951,0.018254058062253796,0.6813644566039933
2019,rf_reciente_3a,R2_new_fit,referencia_007217143,50,0.07217143,5,34,118,73291,73448,0.1282051282051282,0.04065040650406504,0.06172839506172839,39,5.309879098137458,4.629125367607014,5934,0.018254058062253796,0.6813644566039933
2019,rf_reciente_3a,R2_new_fit,costo,100,0.02001933145510514,13,372,110,72953,73448,0.033766233766233764,0.10569105691056911,0.051181102362204724,385,52.41803725084414,50.64807755146498,11372,0.018254058062253796,0.6813644566039933
2019,rf_reciente_3a,R2_new_fit,f1_validacion,100,0.053716959335302565,5,51,118,73274,73448,0.08928571428571429,0.04065040650406504,0.055865921787709494,56,7.624441781940965,6.943688051410522,11851,0.018254058062253796,0.6813644566039933
2019,rf_reciente_3a,R2_new_fit,referencia_007217143,100,0.07217143,5,34,118,73291,73448,0.1282051282051282,0.04065040650406504,0.06172839506172839,39,5.309879098137458,4.629125367607014,11834,0.018254058062253796,0.6813644566039933
2019,rf_profundo,R2_new_fit,costo,5,0.155,1,15,122,73310,73448,0.0625,0.008130081300813009,0.014388489208633094,16,2.1784119376974185,2.04226119159133,625,0.012602750181369807,0.6914551819913016
2019,rf_profundo,R2_new_fit,f1_validacion,5,0.155,1,15,122,73310,73448,0.0625,0.008130081300813009,0.014388489208633094,16,2.1784119376974185,2.04226119159133,625,0.012602750181369807,0.6914551819913016
2019,rf_profundo,R2_new_fit,referencia_007217143,5,0.07217143,5,69,118,73256,73448,0.06756756756756757,0.04065040650406504,0.050761421319796954,74,10.07515521185056,9.394401481320118,659,0.012602750181369807,0.6914551819913016
2019,rf_profundo,R2_new_fit,costo,10,0.155,1,15,122,73310,73448,0.0625,0.008130081300813009,0.014388489208633094,16,2.1784119376974185,2.04226119159133,1235,0.012602750181369807,0.6914551819913016
2019,rf_profundo,R2_new_fit,f1_validacion,10,0.155,1,15,122,73310,73448,0.0625,0.008130081300813009,0.014388489208633094,16,2.1784119376974185,2.04226119159133,1235,0.012602750181369807,0.6914551819913016
2019,rf_profundo,R2_new_fit,referencia_007217143,10,0.07217143,5,69,118,73256,73448,0.06756756756756757,0.04065040650406504,0.050761421319796954,74,10.07515521185056,9.394401481320118,1249,0.012602750181369807,0.6914551819913016
2019,rf_profundo,R2_new_fit,costo,25,0.045,7,172,116,73153,73448,0.03910614525139665,0.056910569105691054,0.046357615894039736,179,24.37098355298987,23.41792833024725,3072,0.012602750181369807,0.6914551819913016
2019,rf_profundo,R2_new_fit,f1_validacion,25,0.155,1,15,122,73310,73448,0.0625,0.008130081300813009,0.014388489208633094,16,2.1784119376974185,2.04226119159133,3065,0.012602750181369807,0.6914551819913016
2019,rf_profundo,R2_new_fit,referencia_007217143,25,0.07217143,5,69,118,73256,73448,0.06756756756756757,0.04065040650406504,0.050761421319796954,74,10.07515521185056,9.394401481320118,3019,0.012602750181369807,0.6914551819913016
2019,rf_profundo,R2_new_fit,costo,50,0.035,12,311,111,73014,73448,0.03715170278637771,0.0975609756097561,0.053811659192825115,323,43.97669099226664,42.34288203899357,5861,0.012602750181369807,0.6914551819913016
2019,rf_profundo,R2_new_fit,f1_validacion,50,0.155,1,15,122,73310,73448,0.0625,0.008130081300813009,0.014388489208633094,16,2.1784119376974185,2.04226119159133,6115,0.012602750181369807,0.6914551819913016
2019,rf_profundo,R2_new_fit,referencia_007217143,50,0.07217143,5,69,118,73256,73448,0.06756756756756757,0.04065040650406504,0.050761421319796954,74,10.07515521185056,9.394401481320118,5969,0.012602750181369807,0.6914551819913016
2019,rf_profundo,R2_new_fit,costo,100,0.02,19,877,104,72448,73448,0.021205357142857144,0.15447154471544716,0.03729146221786065,896,121.99106851105545,119.40420433503975,11277,0.012602750181369807,0.6914551819913016
2019,rf_profundo,R2_new_fit,f1_validacion,100,0.155,1,15,122,73310,73448,0.0625,0.008130081300813009,0.014388489208633094,16,2.1784119376974185,2.04226119159133,12215,0.012602750181369807,0.6914551819913016
2019,rf_profundo,R2_new_fit,referencia_007217143,100,0.07217143,5,69,118,73256,73448,0.06756756756756757,0.04065040650406504,0.050761421319796954,74,10.07515521185056,9.394401481320118,11869,0.012602750181369807,0.6914551819913016
2019,rf_reciente_profundo,R2_new_fit,costo,5,0.16,3,6,120,73319,73448,0.3333333333333333,0.024390243902439025,0.045454545454545456,9,1.225356714954798,0.816904476636532,606,0.01844114280057183,0.6693693019439572
2019,rf_reciente_profundo,R2_new_fit,f1_validacion,5,0.09,6,42,117,73283,73448,0.125,0.04878048780487805,0.07017543859649122,48,6.535235813092256,5.718331336455724,627,0.01844114280057183,0.6693693019439572
2019,rf_reciente_profundo,R2_new_fit,referencia_007217143,5,0.07217143,6,77,117,73248,73448,0.07228915662650602,0.04878048780487805,0.05825242718446602,83,11.30051192680536,10.483607450168828,662,0.01844114280057183,0.6693693019439572
2019,rf_reciente_profundo,R2_new_fit,costo,10,0.09,6,42,117,73283,73448,0.125,0.04878048780487805,0.07017543859649122,48,6.535235813092256,5.718331336455724,1212,0.01844114280057183,0.6693693019439572
2019,rf_reciente_profundo,R2_new_fit,f1_validacion,10,0.09,6,42,117,73283,73448,0.125,0.04878048780487805,0.07017543859649122,48,6.535235813092256,5.718331336455724,1212,0.01844114280057183,0.6693693019439572
2019,rf_reciente_profundo,R2_new_fit,referencia_007217143,10,0.07217143,6,77,117,73248,73448,0.07228915662650602,0.04878048780487805,0.05825242718446602,83,11.30051192680536,10.483607450168828,1247,0.01844114280057183,0.6693693019439572
2019,rf_reciente_profundo,R2_new_fit,costo,25,0.045,7,217,116,73108,73448,0.03125,0.056910569105691054,0.040345821325648415,224,30.49776712776386,29.544711905021238,3117,0.01844114280057183,0.6693693019439572
2019,rf_reciente_profundo,R2_new_fit,f1_validacion,25,0.09,6,42,117,73283,73448,0.125,0.04878048780487805,0.07017543859649122,48,6.535235813092256,5.718331336455724,2967,0.01844114280057183,0.6693693019439572
2019,rf_reciente_profundo,R2_new_fit,referencia_007217143,25,0.07217143,6,77,117,73248,73448,0.07228915662650602,0.04878048780487805,0.05825242718446602,83,11.30051192680536,10.483607450168828,3002,0.01844114280057183,0.6693693019439572
2019,rf_reciente_profundo,R2_new_fit,costo,50,0.045,7,217,116,73108,73448,0.03125,0.056910569105691054,0.040345821325648415,224,30.49776712776386,29.544711905021238,6017,0.01844114280057183,0.6693693019439572
2019,rf_reciente_profundo,R2_new_fit,f1_validacion,50,0.09,6,42,117,73283,73448,0.125,0.04878048780487805,0.07017543859649122,48,6.535235813092256,5.718331336455724,5892,0.01844114280057183,0.6693693019439572
2019,rf_reciente_profundo,R2_new_fit,referencia_007217143,50,0.07217143,6,77,117,73248,73448,0.07228915662650602,0.04878048780487805,0.05825242718446602,83,11.30051192680536,10.483607450168828,5927,0.01844114280057183,0.6693693019439572
2019,rf_reciente_profundo,R2_new_fit,costo,100,0.025,17,627,106,72698,73448,0.026397515527950312,0.13821138211382114,0.04432855280312908,644,87.6810804923211,85.36651780851759,11227,0.01844114280057183,0.6693693019439572
2019,rf_reciente_profundo,R2_new_fit,f1_validacion,100,0.09,6,42,117,73283,73448,0.125,0.04878048780487805,0.07017543859649122,48,6.535235813092256,5.718331336455724,11742,0.01844114280057183,0.6693693019439572
2019,rf_reciente_profundo,R2_new_fit,referencia_007217143,100,0.07217143,6,77,117,73248,73448,0.07228915662650602,0.04878048780487805,0.05825242718446602,83,11.30051192680536,10.483607450168828,11777,0.01844114280057183,0.6693693019439572
2019,rf_peso10_reciente,R2_new_fit,costo,5,0.19598059880755334,1,12,122,73313,73448,0.07692307692307693,0.008130081300813009,0.014705882352941176,13,1.7699596993791527,1.633808953273064,622,0.012209266436427575,0.6964478779462189
2019,rf_peso10_reciente,R2_new_fit,f1_validacion,5,0.19598059880755334,1,12,122,73313,73448,0.07692307692307693,0.008130081300813009,0.014705882352941176,13,1.7699596993791527,1.633808953273064,622,0.012209266436427575,0.6964478779462189
2019,rf_peso10_reciente,R2_new_fit,referencia_007217143,5,0.07217143,6,343,117,72982,73448,0.017191977077363897,0.04878048780487805,0.025423728813559324,349,47.51661039102494,46.69970591438841,928,0.012209266436427575,0.6964478779462189
2019,rf_peso10_reciente,R2_new_fit,costo,10,0.19598059880755334,1,12,122,73313,73448,0.07692307692307693,0.008130081300813009,0.014705882352941176,13,1.7699596993791527,1.633808953273064,1232,0.012209266436427575,0.6964478779462189
2019,rf_peso10_reciente,R2_new_fit,f1_validacion,10,0.19598059880755334,1,12,122,73313,73448,0.07692307692307693,0.008130081300813009,0.014705882352941176,13,1.7699596993791527,1.633808953273064,1232,0.012209266436427575,0.6964478779462189
2019,rf_peso10_reciente,R2_new_fit,referencia_007217143,10,0.07217143,6,343,117,72982,73448,0.017191977077363897,0.04878048780487805,0.025423728813559324,349,47.51661039102494,46.69970591438841,1513,0.012209266436427575,0.6964478779462189
2019,rf_peso10_reciente,R2_new_fit,costo,25,0.09892530854531893,5,138,118,73187,73448,0.03496503496503497,0.04065040650406504,0.03759398496240601,143,19.469556693170677,18.788802962640236,3088,0.012209266436427575,0.6964478779462189
2019,rf_peso10_reciente,R2_new_fit,f1_validacion,25,0.19598059880755334,1,12,122,73313,73448,0.07692307692307693,0.008130081300813009,0.014705882352941176,13,1.7699596993791527,1.633808953273064,3062,0.012209266436427575,0.6964478779462189
2019,rf_peso10_reciente,R2_new_fit,referencia_007217143,25,0.07217143,6,343,117,72982,73448,0.017191977077363897,0.04878048780487805,0.025423728813559324,349,47.51661039102494,46.69970591438841,3268,0.012209266436427575,0.6964478779462189
2019,rf_peso10_reciente,R2_new_fit,costo,50,0.08141111520460065,5,248,118,73077,73448,0.019762845849802372,0.04065040650406504,0.026595744680851064,253,34.446138764840434,33.765385034309986,6148,0.012209266436427575,0.6964478779462189
2019,rf_peso10_reciente,R2_new_fit,f1_validacion,50,0.19598059880755334,1,12,122,73313,73448,0.07692307692307693,0.008130081300813009,0.014705882352941176,13,1.7699596993791527,1.633808953273064,6112,0.012209266436427575,0.6964478779462189
2019,rf_peso10_reciente,R2_new_fit,referencia_007217143,50,0.07217143,6,343,117,72982,73448,0.017191977077363897,0.04878048780487805,0.025423728813559324,349,47.51661039102494,46.69970591438841,6193,0.012209266436427575,0.6964478779462189
2019,rf_peso10_reciente,R2_new_fit,costo,100,0.08141111520460065,5,248,118,73077,73448,0.019762845849802372,0.04065040650406504,0.026595744680851064,253,34.446138764840434,33.765385034309986,12048,0.012209266436427575,0.6964478779462189
2019,rf_peso10_reciente,R2_new_fit,f1_validacion,100,0.19598059880755334,1,12,122,73313,73448,0.07692307692307693,0.008130081300813009,0.014705882352941176,13,1.7699596993791527,1.633808953273064,12212,0.012209266436427575,0.6964478779462189
2019,rf_peso10_reciente,R2_new_fit,referencia_007217143,100,0.07217143,6,343,117,72982,73448,0.017191977077363897,0.04878048780487805,0.025423728813559324,349,47.51661039102494,46.69970591438841,12043,0.012209266436427575,0.6964478779462189
2019,rf_variables_revisadas,R2_new_fit,costo,5,0.05518371506744926,3,27,120,73298,73448,0.1,0.024390243902439025,0.0392156862745098,30,4.08452238318266,3.676070144864394,627,0.01564293241081788,0.714756943000729
2019,rf_variables_revisadas,R2_new_fit,f1_validacion,5,0.04583877685873359,4,37,119,73288,73448,0.0975609756097561,0.032520325203252036,0.04878048780487805,41,5.582180590349635,5.03757760592528,632,0.01564293241081788,0.714756943000729
2019,rf_variables_revisadas,R2_new_fit,referencia_007217143,5,0.07217143,2,18,121,73307,73448,0.1,0.016260162601626018,0.027972027972027972,20,2.723014922121773,2.450713429909596,623,0.01564293241081788,0.714756943000729
2019,rf_variables_revisadas,R2_new_fit,costo,10,0.04583877685873359,4,37,119,73288,73448,0.0975609756097561,0.032520325203252036,0.04878048780487805,41,5.582180590349635,5.03757760592528,1227,0.01564293241081788,0.714756943000729
2019,rf_variables_revisadas,R2_new_fit,f1_validacion,10,0.04583877685873359,4,37,119,73288,73448,0.0975609756097561,0.032520325203252036,0.04878048780487805,41,5.582180590349635,5.03757760592528,1227,0.01564293241081788,0.714756943000729
2019,rf_variables_revisadas,R2_new_fit,referencia_007217143,10,0.07217143,2,18,121,73307,73448,0.1,0.016260162601626018,0.027972027972027972,20,2.723014922121773,2.450713429909596,1228,0.01564293241081788,0.714756943000729
2019,rf_variables_revisadas,R2_new_fit,costo,25,0.04583877685873359,4,37,119,73288,73448,0.0975609756097561,0.032520325203252036,0.04878048780487805,41,5.582180590349635,5.03757760592528,3012,0.01564293241081788,0.714756943000729
2019,rf_variables_revisadas,R2_new_fit,f1_validacion,25,0.04583877685873359,4,37,119,73288,73448,0.0975609756097561,0.032520325203252036,0.04878048780487805,41,5.582180590349635,5.03757760592528,3012,0.01564293241081788,0.714756943000729
2019,rf_variables_revisadas,R2_new_fit,referencia_007217143,25,0.07217143,2,18,121,73307,73448,0.1,0.016260162601626018,0.027972027972027972,20,2.723014922121773,2.450713429909596,3043,0.01564293241081788,0.714756943000729
2019,rf_variables_revisadas,R2_new_fit,costo,50,0.01143784137545792,15,387,108,72938,73448,0.03731343283582089,0.12195121951219512,0.05714285714285714,402,54.732599934647645,52.69033874305631,5787,0.01564293241081788,0.714756943000729
2019,rf_variables_revisadas,R2_new_fit,f1_validacion,50,0.04583877685873359,4,37,119,73288,73448,0.0975609756097561,0.032520325203252036,0.04878048780487805,41,5.582180590349635,5.03757760592528,5987,0.01564293241081788,0.714756943000729
2019,rf_variables_revisadas,R2_new_fit,referencia_007217143,50,0.07217143,2,18,121,73307,73448,0.1,0.016260162601626018,0.027972027972027972,20,2.723014922121773,2.450713429909596,6068,0.01564293241081788,0.714756943000729
2019,rf_variables_revisadas,R2_new_fit,costo,100,0.009295631692922407,18,761,105,72564,73448,0.023106546854942234,0.14634146341463414,0.03991130820399113,779,106.06143121664307,103.61071778673347,11261,0.01564293241081788,0.714756943000729
2019,rf_variables_revisadas,R2_new_fit,f1_validacion,100,0.04583877685873359,4,37,119,73288,73448,0.0975609756097561,0.032520325203252036,0.04878048780487805,41,5.582180590349635,5.03757760592528,11937,0.01564293241081788,0.714756943000729
2019,rf_variables_revisadas,R2_new_fit,referencia_007217143,100,0.07217143,2,18,121,73307,73448,0.1,0.016260162601626018,0.027972027972027972,20,2.723014922121773,2.450713429909596,12118,0.01564293241081788,0.714756943000729
2019,rf_revisado_reciente,R2_new_fit,costo,5,0.29611257618938913,1,8,122,73317,73448,0.1111111111111111,0.008130081300813009,0.015151515151515152,9,1.225356714954798,1.0892059688487092,618,0.00835977747804413,0.7224400777250185
2019,rf_revisado_reciente,R2_new_fit,f1_validacion,5,0.18704450628259484,2,39,121,73286,73448,0.04878048780487805,0.016260162601626018,0.024390243902439025,41,5.582180590349635,5.309879098137458,644,0.00835977747804413,0.7224400777250185
2019,rf_revisado_reciente,R2_new_fit,referencia_007217143,5,0.07217143,10,597,113,72728,73448,0.016474464579901153,0.08130081300813008,0.0273972602739726,607,82.64350288639582,81.28199542533493,1162,0.00835977747804413,0.7224400777250185
2019,rf_revisado_reciente,R2_new_fit,costo,10,0.18704450628259484,2,39,121,73286,73448,0.04878048780487805,0.016260162601626018,0.024390243902439025,41,5.582180590349635,5.309879098137458,1249,0.00835977747804413,0.7224400777250185
2019,rf_revisado_reciente,R2_new_fit,f1_validacion,10,0.18704450628259484,2,39,121,73286,73448,0.04878048780487805,0.016260162601626018,0.024390243902439025,41,5.582180590349635,5.309879098137458,1249,0.00835977747804413,0.7224400777250185
2019,rf_revisado_reciente,R2_new_fit,referencia_007217143,10,0.07217143,10,597,113,72728,73448,0.016474464579901153,0.08130081300813008,0.0273972602739726,607,82.64350288639582,81.28199542533493,1727,0.00835977747804413,0.7224400777250185
2019,rf_revisado_reciente,R2_new_fit,costo,25,0.18704450628259484,2,39,121,73286,73448,0.04878048780487805,0.016260162601626018,0.024390243902439025,41,5.582180590349635,5.309879098137458,3064,0.00835977747804413,0.7224400777250185
2019,rf_revisado_reciente,R2_new_fit,f1_validacion,25,0.18704450628259484,2,39,121,73286,73448,0.04878048780487805,0.016260162601626018,0.024390243902439025,41,5.582180590349635,5.309879098137458,3064,0.00835977747804413,0.7224400777250185
2019,rf_revisado_reciente,R2_new_fit,referencia_007217143,25,0.07217143,10,597,113,72728,73448,0.016474464579901153,0.08130081300813008,0.0273972602739726,607,82.64350288639582,81.28199542533493,3422,0.00835977747804413,0.7224400777250185
2019,rf_revisado_reciente,R2_new_fit,costo,50,0.07329089597695711,10,583,113,72742,73448,0.016863406408094434,0.08130081300813008,0.027932960893854747,593,80.73739244091058,79.37588497984969,6233,0.00835977747804413,0.7224400777250185
2019,rf_revisado_reciente,R2_new_fit,f1_validacion,50,0.18704450628259484,2,39,121,73286,73448,0.04878048780487805,0.016260162601626018,0.024390243902439025,41,5.582180590349635,5.309879098137458,6089,0.00835977747804413,0.7224400777250185
2019,rf_revisado_reciente,R2_new_fit,referencia_007217143,50,0.07217143,10,597,113,72728,73448,0.016474464579901153,0.08130081300813008,0.0273972602739726,607,82.64350288639582,81.28199542533493,6247,0.00835977747804413,0.7224400777250185
2019,rf_revisado_reciente,R2_new_fit,costo,100,0.06620224158106369,10,711,113,72614,73448,0.013869625520110958,0.08130081300813008,0.023696682464454975,721,98.16468794248992,96.80318048142904,12011,0.00835977747804413,0.7224400777250185
2019,rf_revisado_reciente,R2_new_fit,f1_validacion,100,0.18704450628259484,2,39,121,73286,73448,0.04878048780487805,0.016260162601626018,0.024390243902439025,41,5.582180590349635,5.309879098137458,12139,0.00835977747804413,0.7224400777250185
2019,rf_revisado_reciente,R2_new_fit,referencia_007217143,100,0.07217143,10,597,113,72728,73448,0.016474464579901153,0.08130081300813008,0.0273972602739726,607,82.64350288639582,81.28199542533493,11897,0.00835977747804413,0.7224400777250185
